train_loss_step,epoch,step,val_loss_step,val_loss_epoch,val_precision,val_recall,val_accuracy,train_loss_epoch,train_precision,train_recall,train_accuracy
0.11193808168172836,0,99,,,,,,,,,
0.2017146199941635,0,199,,,,,,,,,
0.09819117933511734,0,299,,,,,,,,,
0.1839543730020523,0,399,,,,,,,,,
0.15181079506874084,0,499,,,,,,,,,
0.16769200563430786,0,599,,,,,,,,,
0.06178339198231697,0,699,,,,,,,,,
0.16962867975234985,0,799,,,,,,,,,
0.2292332500219345,0,899,,,,,,,,,
0.14577412605285645,0,999,,,,,,,,,
0.11557018756866455,0,1099,,,,,,,,,
0.06438406556844711,0,1199,,,,,,,,,
,,0,0.07144100219011307,,,,,,,,
,,1,0.06044512987136841,,,,,,,,
,,2,0.06431872397661209,,,,,,,,
,,3,0.04233292490243912,,,,,,,,
,,4,0.08831377327442169,,,,,,,,
,,5,0.0706564411520958,,,,,,,,
,,6,0.03958451747894287,,,,,,,,
,,7,0.07437219470739365,,,,,,,,
,,8,0.08120603114366531,,,,,,,,
,,9,0.04565412178635597,,,,,,,,
,,10,0.08371463418006897,,,,,,,,
,,11,0.053318824619054794,,,,,,,,
,,12,0.07736332714557648,,,,,,,,
,,13,0.07214109599590302,,,,,,,,
,,14,0.08429072052240372,,,,,,,,
,,15,0.08656756579875946,,,,,,,,
,,16,0.05135982111096382,,,,,,,,
,,17,0.06260474026203156,,,,,,,,
,,18,0.05359134450554848,,,,,,,,
,,19,0.04303467646241188,,,,,,,,
,,20,0.059377651661634445,,,,,,,,
,,21,0.04159383475780487,,,,,,,,
,,22,0.1059398502111435,,,,,,,,
,,23,0.03890286013484001,,,,,,,,
,,24,0.09150099754333496,,,,,,,,
,,25,0.11956650018692017,,,,,,,,
,,26,0.07225439697504044,,,,,,,,
,,27,0.05845199525356293,,,,,,,,
,,28,0.1307845115661621,,,,,,,,
,,29,0.08000008761882782,,,,,,,,
,,30,0.05960920453071594,,,,,,,,
,,31,0.04452751576900482,,,,,,,,
,,32,0.0474717803299427,,,,,,,,
,,33,0.061008162796497345,,,,,,,,
,,34,0.05189085006713867,,,,,,,,
,,35,0.05488956347107887,,,,,,,,
,,36,0.07971681654453278,,,,,,,,
,,37,0.054132506251335144,,,,,,,,
,,38,0.09778042882680893,,,,,,,,
,,39,0.05876227468252182,,,,,,,,
,,40,0.05736174434423447,,,,,,,,
,,41,0.056274157017469406,,,,,,,,
,,42,0.07088835537433624,,,,,,,,
,,43,0.09123018383979797,,,,,,,,
,,44,0.044953081756830215,,,,,,,,
,,45,0.05524151772260666,,,,,,,,
,,46,0.05192261561751366,,,,,,,,
,,47,0.036362871527671814,,,,,,,,
,,48,0.07964261621236801,,,,,,,,
,,49,0.07094962149858475,,,,,,,,
,,50,0.04589845612645149,,,,,,,,
,,51,0.06349465250968933,,,,,,,,
,,52,0.06102403998374939,,,,,,,,
,,53,0.06920568645000458,,,,,,,,
,,54,0.07858147472143173,,,,,,,,
,,55,0.1022254005074501,,,,,,,,
,,56,0.0637538805603981,,,,,,,,
,,57,0.06414094567298889,,,,,,,,
,,58,0.0764392539858818,,,,,,,,
,,59,0.08504817634820938,,,,,,,,
,,60,0.09454832226037979,,,,,,,,
,,61,0.03170015290379524,,,,,,,,
,,62,0.0642237439751625,,,,,,,,
,,63,0.061273641884326935,,,,,,,,
,,64,0.10402876138687134,,,,,,,,
,,65,0.02434161864221096,,,,,,,,
,,66,0.06511075794696808,,,,,,,,
,,67,0.06128343939781189,,,,,,,,
,,68,0.046450234949588776,,,,,,,,
,,69,0.07957907766103745,,,,,,,,
,,70,0.06789443641901016,,,,,,,,
,,71,0.11557991802692413,,,,,,,,
,,72,0.08473760634660721,,,,,,,,
,,73,0.0791482925415039,,,,,,,,
,,74,0.06160417199134827,,,,,,,,
,,75,0.10177122056484222,,,,,,,,
,,76,0.049734439700841904,,,,,,,,
,,77,0.06244955584406853,,,,,,,,
,,78,0.06044316664338112,,,,,,,,
,,79,0.059416498988866806,,,,,,,,
,,80,0.06237673759460449,,,,,,,,
,,81,0.049241431057453156,,,,,,,,
,,82,0.06919091939926147,,,,,,,,
,,83,0.08917808532714844,,,,,,,,
,,84,0.12008555233478546,,,,,,,,
,,85,0.09714620560407639,,,,,,,,
,,86,0.076040118932724,,,,,,,,
,,87,0.09341321140527725,,,,,,,,
,,88,0.030182674527168274,,,,,,,,
,,89,0.029484562575817108,,,,,,,,
,,90,0.12064878642559052,,,,,,,,
,,91,0.0383978933095932,,,,,,,,
,,92,0.061758484691381454,,,,,,,,
,,93,0.10388457775115967,,,,,,,,
,,94,0.0852670669555664,,,,,,,,
,,95,0.08387721329927444,,,,,,,,
,,96,0.05584537237882614,,,,,,,,
,,97,0.11435440182685852,,,,,,,,
,,98,0.13442574441432953,,,,,,,,
,,99,0.07449048012495041,,,,,,,,
,,100,0.05975570157170296,,,,,,,,
,,101,0.0361638143658638,,,,,,,,
,,102,0.035461146384477615,,,,,,,,
,,103,0.06477507948875427,,,,,,,,
,,104,0.055184174329042435,,,,,,,,
,,105,0.054141003638505936,,,,,,,,
,,106,0.09371528029441833,,,,,,,,
,,107,0.05909337103366852,,,,,,,,
,,108,0.1001775711774826,,,,,,,,
,,109,0.04996650293469429,,,,,,,,
,,110,0.053668081760406494,,,,,,,,
,,111,0.0658370703458786,,,,,,,,
,,112,0.07224500924348831,,,,,,,,
,,113,0.06506945937871933,,,,,,,,
,,114,0.06555081903934479,,,,,,,,
,,115,0.112493596971035,,,,,,,,
,0,1283,,0.06937085092067719,0.04213382303714752,0.08155925571918488,0.9944483637809753,,,,
,0,1283,,,,,,0.12791508436203003,0.12658274173736572,0.029903091490268707,0.9935256242752075
0.06233982369303703,1,1299,,,,,,,,,
0.16499561071395874,1,1399,,,,,,,,,
0.08218403160572052,1,1499,,,,,,,,,
0.07808633148670197,1,1599,,,,,,,,,
0.0795995369553566,1,1699,,,,,,,,,
0.09255032986402512,1,1799,,,,,,,,,
0.06416752934455872,1,1899,,,,,,,,,
0.10314425826072693,1,1999,,,,,,,,,
0.06255476176738739,1,2099,,,,,,,,,
0.12602582573890686,1,2199,,,,,,,,,
0.051646243780851364,1,2299,,,,,,,,,
0.12111462652683258,1,2399,,,,,,,,,
0.12331990897655487,1,2499,,,,,,,,,
,,116,0.051525503396987915,,,,,,,,
,,117,0.04924708977341652,,,,,,,,
,,118,0.0374833345413208,,,,,,,,
,,119,0.013715392909944057,,,,,,,,
,,120,0.052922893315553665,,,,,,,,
,,121,0.04003555700182915,,,,,,,,
,,122,0.015323290601372719,,,,,,,,
,,123,0.04989059641957283,,,,,,,,
,,124,0.061640020459890366,,,,,,,,
,,125,0.02361699938774109,,,,,,,,
,,126,0.05676312372088432,,,,,,,,
,,127,0.013660003431141376,,,,,,,,
,,128,0.055939931422472,,,,,,,,
,,129,0.06172114238142967,,,,,,,,
,,130,0.034274112433195114,,,,,,,,
,,131,0.06488394737243652,,,,,,,,
,,132,0.03925293684005737,,,,,,,,
,,133,0.047710079699754715,,,,,,,,
,,134,0.043197277933359146,,,,,,,,
,,135,0.015655405819416046,,,,,,,,
,,136,0.03310342878103256,,,,,,,,
,,137,0.020350567996501923,,,,,,,,
,,138,0.07417965680360794,,,,,,,,
,,139,0.013756221160292625,,,,,,,,
,,140,0.05815737321972847,,,,,,,,
,,141,0.1161627247929573,,,,,,,,
,,142,0.021578822284936905,,,,,,,,
,,143,0.041059672832489014,,,,,,,,
,,144,0.13545846939086914,,,,,,,,
,,145,0.06298753619194031,,,,,,,,
,,146,0.03333799168467522,,,,,,,,
,,147,0.03175102546811104,,,,,,,,
,,148,0.02321217954158783,,,,,,,,
,,149,0.02825205586850643,,,,,,,,
,,150,0.04764221981167793,,,,,,,,
,,151,0.020573653280735016,,,,,,,,
,,152,0.053267765790224075,,,,,,,,
,,153,0.01384691707789898,,,,,,,,
,,154,0.1071595549583435,,,,,,,,
,,155,0.04538297653198242,,,,,,,,
,,156,0.02924971841275692,,,,,,,,
,,157,0.02083606645464897,,,,,,,,
,,158,0.056989990174770355,,,,,,,,
,,159,0.06846213340759277,,,,,,,,
,,160,0.018555043265223503,,,,,,,,
,,161,0.03745586797595024,,,,,,,,
,,162,0.030494214966893196,,,,,,,,
,,163,0.013349217362701893,,,,,,,,
,,164,0.0446491613984108,,,,,,,,
,,165,0.049518387764692307,,,,,,,,
,,166,0.03433692455291748,,,,,,,,
,,167,0.029260829091072083,,,,,,,,
,,168,0.03555475175380707,,,,,,,,
,,169,0.06163286045193672,,,,,,,,
,,170,0.04735303670167923,,,,,,,,
,,171,0.07982076704502106,,,,,,,,
,,172,0.030692461878061295,,,,,,,,
,,173,0.0714697316288948,,,,,,,,
,,174,0.0548701249063015,,,,,,,,
,,175,0.08663975447416306,,,,,,,,
,,176,0.04866822063922882,,,,,,,,
,,177,0.01274831872433424,,,,,,,,
,,178,0.05993950739502907,,,,,,,,
,,179,0.02886372059583664,,,,,,,,
,,180,0.08303818851709366,,,,,,,,
,,181,0.016492608934640884,,,,,,,,
,,182,0.029999779537320137,,,,,,,,
,,183,0.031183509156107903,,,,,,,,
,,184,0.027322595939040184,,,,,,,,
,,185,0.04888448864221573,,,,,,,,
,,186,0.04445904120802879,,,,,,,,
,,187,0.1083146333694458,,,,,,,,
,,188,0.03600986674427986,,,,,,,,
,,189,0.057907652109861374,,,,,,,,
,,190,0.04581723362207413,,,,,,,,
,,191,0.06739691644906998,,,,,,,,
,,192,0.03479009121656418,,,,,,,,
,,193,0.04466855525970459,,,,,,,,
,,194,0.02377244643867016,,,,,,,,
,,195,0.032494883984327316,,,,,,,,
,,196,0.04412706568837166,,,,,,,,
,,197,0.027178145945072174,,,,,,,,
,,198,0.04950467869639397,,,,,,,,
,,199,0.06310416758060455,,,,,,,,
,,200,0.12058516591787338,,,,,,,,
,,201,0.09722243994474411,,,,,,,,
,,202,0.05662781000137329,,,,,,,,
,,203,0.07109422981739044,,,,,,,,
,,204,0.011656581424176693,,,,,,,,
,,205,0.018201712518930435,,,,,,,,
,,206,0.10757185518741608,,,,,,,,
,,207,0.02188698574900627,,,,,,,,
,,208,0.037463054060935974,,,,,,,,
,,209,0.07556294649839401,,,,,,,,
,,210,0.05022815987467766,,,,,,,,
,,211,0.053628649562597275,,,,,,,,
,,212,0.03692327439785004,,,,,,,,
,,213,0.07694574445486069,,,,,,,,
,,214,0.11661487072706223,,,,,,,,
,,215,0.04424149915575981,,,,,,,,
,,216,0.05325433611869812,,,,,,,,
,,217,0.014882126823067665,,,,,,,,
,,218,0.014059949666261673,,,,,,,,
,,219,0.04219726100564003,,,,,,,,
,,220,0.03476410359144211,,,,,,,,
,,221,0.0269241314381361,,,,,,,,
,,222,0.059523094445466995,,,,,,,,
,,223,0.037299178540706635,,,,,,,,
,,224,0.08407062292098999,,,,,,,,
,,225,0.04227865859866142,,,,,,,,
,,226,0.02830268070101738,,,,,,,,
,,227,0.04467407986521721,,,,,,,,
,,228,0.061531197279691696,,,,,,,,
,,229,0.035408370196819305,,,,,,,,
,,230,0.06192320957779884,,,,,,,,
,,231,0.09645631909370422,,,,,,,,
,1,2567,,0.047513447701931,0.19749943912029266,0.10467909276485443,0.9976827502250671,,,,
,1,2567,,,,,,0.1029641255736351,0.20715190470218658,0.18397484719753265,0.9913617968559265
0.09889154136180878,2,2599,,,,,,,,,
0.07898084819316864,2,2699,,,,,,,,,
0.13927727937698364,2,2799,,,,,,,,,
0.05741240084171295,2,2899,,,,,,,,,
0.15488193929195404,2,2999,,,,,,,,,
0.0710519328713417,2,3099,,,,,,,,,
0.07768816500902176,2,3199,,,,,,,,,
0.03247366100549698,2,3299,,,,,,,,,
0.08191914111375809,2,3399,,,,,,,,,
0.069735586643219,2,3499,,,,,,,,,
0.0458383746445179,2,3599,,,,,,,,,
0.042503029108047485,2,3699,,,,,,,,,
0.037682004272937775,2,3799,,,,,,,,,
,,232,0.044035084545612335,,,,,,,,
,,233,0.04668319597840309,,,,,,,,
,,234,0.046766746789216995,,,,,,,,
,,235,0.022853676229715347,,,,,,,,
,,236,0.06279025226831436,,,,,,,,
,,237,0.034959178417921066,,,,,,,,
,,238,0.0202606413513422,,,,,,,,
,,239,0.040770694613456726,,,,,,,,
,,240,0.06016154959797859,,,,,,,,
,,241,0.028718572109937668,,,,,,,,
,,242,0.05899122357368469,,,,,,,,
,,243,0.024732427671551704,,,,,,,,
,,244,0.05148276686668396,,,,,,,,
,,245,0.05447555333375931,,,,,,,,
,,246,0.030013341456651688,,,,,,,,
,,247,0.06616274267435074,,,,,,,,
,,248,0.04005070775747299,,,,,,,,
,,249,0.04634828120470047,,,,,,,,
,,250,0.0419069342315197,,,,,,,,
,,251,0.018856095150113106,,,,,,,,
,,252,0.034768640995025635,,,,,,,,
,,253,0.02542724832892418,,,,,,,,
,,254,0.08355137705802917,,,,,,,,
,,255,0.02287137135863304,,,,,,,,
,,256,0.0553855262696743,,,,,,,,
,,257,0.09163032472133636,,,,,,,,
,,258,0.03311418741941452,,,,,,,,
,,259,0.03972657024860382,,,,,,,,
,,260,0.125184565782547,,,,,,,,
,,261,0.05713418871164322,,,,,,,,
,,262,0.03269068896770477,,,,,,,,
,,263,0.037967175245285034,,,,,,,,
,,264,0.033362701535224915,,,,,,,,
,,265,0.022806979715824127,,,,,,,,
,,266,0.04688218981027603,,,,,,,,
,,267,0.027238547801971436,,,,,,,,
,,268,0.04820454493165016,,,,,,,,
,,269,0.019086234271526337,,,,,,,,
,,270,0.08690652996301651,,,,,,,,
,,271,0.034525301307439804,,,,,,,,
,,272,0.030949046835303307,,,,,,,,
,,273,0.025959540158510208,,,,,,,,
,,274,0.04841180145740509,,,,,,,,
,,275,0.057790301740169525,,,,,,,,
,,276,0.023006344214081764,,,,,,,,
,,277,0.04228595271706581,,,,,,,,
,,278,0.03913779556751251,,,,,,,,
,,279,0.01776975579559803,,,,,,,,
,,280,0.041915539652109146,,,,,,,,
,,281,0.04209768399596214,,,,,,,,
,,282,0.03868564963340759,,,,,,,,
,,283,0.031159745529294014,,,,,,,,
,,284,0.03162851557135582,,,,,,,,
,,285,0.044529661536216736,,,,,,,,
,,286,0.04848908632993698,,,,,,,,
,,287,0.07019194215536118,,,,,,,,
,,288,0.03516838699579239,,,,,,,,
,,289,0.04830348491668701,,,,,,,,
,,290,0.047500379383563995,,,,,,,,
,,291,0.06668920814990997,,,,,,,,
,,292,0.060619741678237915,,,,,,,,
,,293,0.019919874146580696,,,,,,,,
,,294,0.05758950114250183,,,,,,,,
,,295,0.03439714014530182,,,,,,,,
,,296,0.06536358594894409,,,,,,,,
,,297,0.023254601284861565,,,,,,,,
,,298,0.03325418382883072,,,,,,,,
,,299,0.03342268615961075,,,,,,,,
,,300,0.029831605032086372,,,,,,,,
,,301,0.034267961978912354,,,,,,,,
,,302,0.041435711085796356,,,,,,,,
,,303,0.07795239984989166,,,,,,,,
,,304,0.04744343459606171,,,,,,,,
,,305,0.05052250623703003,,,,,,,,
,,306,0.04750697314739227,,,,,,,,
,,307,0.06341193616390228,,,,,,,,
,,308,0.0364811047911644,,,,,,,,
,,309,0.044614940881729126,,,,,,,,
,,310,0.025859294459223747,,,,,,,,
,,311,0.03463573381304741,,,,,,,,
,,312,0.04692621901631355,,,,,,,,
,,313,0.030931910499930382,,,,,,,,
,,314,0.04557007551193237,,,,,,,,
,,315,0.054746635258197784,,,,,,,,
,,316,0.09495449811220169,,,,,,,,
,,317,0.06897620111703873,,,,,,,,
,,318,0.04534783959388733,,,,,,,,
,,319,0.0679897665977478,,,,,,,,
,,320,0.019225703552365303,,,,,,,,
,,321,0.023831000551581383,,,,,,,,
,,322,0.10040255635976791,,,,,,,,
,,323,0.026779675856232643,,,,,,,,
,,324,0.036928121000528336,,,,,,,,
,,325,0.07350768148899078,,,,,,,,
,,326,0.04067373275756836,,,,,,,,
,,327,0.044392433017492294,,,,,,,,
,,328,0.041264891624450684,,,,,,,,
,,329,0.07560387998819351,,,,,,,,
,,330,0.10141780972480774,,,,,,,,
,,331,0.04435443505644798,,,,,,,,
,,332,0.05155448615550995,,,,,,,,
,,333,0.018135229125618935,,,,,,,,
,,334,0.024249065667390823,,,,,,,,
,,335,0.04727860167622566,,,,,,,,
,,336,0.032622575759887695,,,,,,,,
,,337,0.030958352610468864,,,,,,,,
,,338,0.05705253407359123,,,,,,,,
,,339,0.03982916101813316,,,,,,,,
,,340,0.05960709974169731,,,,,,,,
,,341,0.03721996769309044,,,,,,,,
,,342,0.032761309295892715,,,,,,,,
,,343,0.0511874221265316,,,,,,,,
,,344,0.040934547781944275,,,,,,,,
,,345,0.03588598221540451,,,,,,,,
,,346,0.049079202115535736,,,,,,,,
,,347,0.07786860316991806,,,,,,,,
,2,3851,,0.045370589941740036,0.1441088318824768,0.2612092196941376,0.9959819912910461,,,,
,2,3851,,,,,,0.088223896920681,0.2349114865064621,0.3288905918598175,0.9906921982765198
0.06552980840206146,3,3899,,,,,,,,,
0.06237923726439476,3,3999,,,,,,,,,
0.07892614603042603,3,4099,,,,,,,,,
0.06632160395383835,3,4199,,,,,,,,,
0.06886181235313416,3,4299,,,,,,,,,
0.08763189613819122,3,4399,,,,,,,,,
0.10896306484937668,3,4499,,,,,,,,,
0.11389150470495224,3,4599,,,,,,,,,
0.060039371252059937,3,4699,,,,,,,,,
0.09453598409891129,3,4799,,,,,,,,,
0.10676588863134384,3,4899,,,,,,,,,
0.06441382318735123,3,4999,,,,,,,,,
0.0588645339012146,3,5099,,,,,,,,,
,,348,0.04637991264462471,,,,,,,,
,,349,0.04713132604956627,,,,,,,,
,,350,0.037214495241642,,,,,,,,
,,351,0.012392640113830566,,,,,,,,
,,352,0.05846332013607025,,,,,,,,
,,353,0.030164577066898346,,,,,,,,
,,354,0.015640046447515488,,,,,,,,
,,355,0.036364469677209854,,,,,,,,
,,356,0.05670604482293129,,,,,,,,
,,357,0.020268388092517853,,,,,,,,
,,358,0.052655406296253204,,,,,,,,
,,359,0.01266725268214941,,,,,,,,
,,360,0.05080493539571762,,,,,,,,
,,361,0.056928835809230804,,,,,,,,
,,362,0.027809154242277145,,,,,,,,
,,363,0.05746603012084961,,,,,,,,
,,364,0.028885936364531517,,,,,,,,
,,365,0.036991141736507416,,,,,,,,
,,366,0.035158637911081314,,,,,,,,
,,367,0.01188846118748188,,,,,,,,
,,368,0.029412316158413887,,,,,,,,
,,369,0.01854044385254383,,,,,,,,
,,370,0.08563239872455597,,,,,,,,
,,371,0.011175313033163548,,,,,,,,
,,372,0.04986665025353432,,,,,,,,
,,373,0.08490479737520218,,,,,,,,
,,374,0.022704830393195152,,,,,,,,
,,375,0.03089694119989872,,,,,,,,
,,376,0.13242898881435394,,,,,,,,
,,377,0.05111583322286606,,,,,,,,
,,378,0.030196616426110268,,,,,,,,
,,379,0.03888620063662529,,,,,,,,
,,380,0.020161563530564308,,,,,,,,
,,381,0.018830783665180206,,,,,,,,
,,382,0.04147375002503395,,,,,,,,
,,383,0.01774093694984913,,,,,,,,
,,384,0.04248793050646782,,,,,,,,
,,385,0.011582870967686176,,,,,,,,
,,386,0.08165614306926727,,,,,,,,
,,387,0.03022770769894123,,,,,,,,
,,388,0.022222066298127174,,,,,,,,
,,389,0.016058292239904404,,,,,,,,
,,390,0.04284954071044922,,,,,,,,
,,391,0.05364517495036125,,,,,,,,
,,392,0.016336599364876747,,,,,,,,
,,393,0.03024866431951523,,,,,,,,
,,394,0.024339335039258003,,,,,,,,
,,395,0.012847373262047768,,,,,,,,
,,396,0.06266526877880096,,,,,,,,
,,397,0.04046039283275604,,,,,,,,
,,398,0.02917872555553913,,,,,,,,
,,399,0.020978989079594612,,,,,,,,
,,400,0.025914888828992844,,,,,,,,
,,401,0.04557093605399132,,,,,,,,
,,402,0.046390000730752945,,,,,,,,
,,403,0.05906052142381668,,,,,,,,
,,404,0.029155829921364784,,,,,,,,
,,405,0.03629804402589798,,,,,,,,
,,406,0.0433264821767807,,,,,,,,
,,407,0.06898020952939987,,,,,,,,
,,408,0.0547851137816906,,,,,,,,
,,409,0.007783709093928337,,,,,,,,
,,410,0.05262737721204758,,,,,,,,
,,411,0.019946083426475525,,,,,,,,
,,412,0.06729057431221008,,,,,,,,
,,413,0.012761981226503849,,,,,,,,
,,414,0.029784666374325752,,,,,,,,
,,415,0.029114387929439545,,,,,,,,
,,416,0.022977104410529137,,,,,,,,
,,417,0.026734577491879463,,,,,,,,
,,418,0.03922000899910927,,,,,,,,
,,419,0.09674613177776337,,,,,,,,
,,420,0.03411508724093437,,,,,,,,
,,421,0.046265605837106705,,,,,,,,
,,422,0.04327400028705597,,,,,,,,
,,423,0.07274945825338364,,,,,,,,
,,424,0.025466598570346832,,,,,,,,
,,425,0.03753352165222168,,,,,,,,
,,426,0.014620141126215458,,,,,,,,
,,427,0.027357593178749084,,,,,,,,
,,428,0.04280119389295578,,,,,,,,
,,429,0.02450823411345482,,,,,,,,
,,430,0.037940818816423416,,,,,,,,
,,431,0.055803749710321426,,,,,,,,
,,432,0.11116389185190201,,,,,,,,
,,433,0.07091433554887772,,,,,,,,
,,434,0.039516158401966095,,,,,,,,
,,435,0.05929671227931976,,,,,,,,
,,436,0.008891182020306587,,,,,,,,
,,437,0.01445399597287178,,,,,,,,
,,438,0.10038773715496063,,,,,,,,
,,439,0.013866045512259007,,,,,,,,
,,440,0.0359630286693573,,,,,,,,
,,441,0.06285111606121063,,,,,,,,
,,442,0.03756749629974365,,,,,,,,
,,443,0.04668186232447624,,,,,,,,
,,444,0.03063567355275154,,,,,,,,
,,445,0.08389206230640411,,,,,,,,
,,446,0.11482067406177521,,,,,,,,
,,447,0.03876831755042076,,,,,,,,
,,448,0.044708944857120514,,,,,,,,
,,449,0.013491909950971603,,,,,,,,
,,450,0.013648340478539467,,,,,,,,
,,451,0.02957187406718731,,,,,,,,
,,452,0.033872008323669434,,,,,,,,
,,453,0.022565525025129318,,,,,,,,
,,454,0.050413113087415695,,,,,,,,
,,455,0.036115266382694244,,,,,,,,
,,456,0.061383094638586044,,,,,,,,
,,457,0.039177924394607544,,,,,,,,
,,458,0.022281888872385025,,,,,,,,
,,459,0.03488922119140625,,,,,,,,
,,460,0.04430404305458069,,,,,,,,
,,461,0.02579747885465622,,,,,,,,
,,462,0.047952860593795776,,,,,,,,
,,463,0.07087496668100357,,,,,,,,
,3,5135,,0.04044273495674133,0.2504492998123169,0.175002321600914,0.9976602792739868,,,,
,3,5135,,,,,,0.0828632265329361,0.2495812475681305,0.37189605832099915,0.9907312989234924
0.10863163322210312,4,5199,,,,,,,,,
0.06872562319040298,4,5299,,,,,,,,,
0.08500528335571289,4,5399,,,,,,,,,
0.0665026605129242,4,5499,,,,,,,,,
0.0423116609454155,4,5599,,,,,,,,,
0.06389953196048737,4,5699,,,,,,,,,
0.052554965019226074,4,5799,,,,,,,,,
0.07955367118120193,4,5899,,,,,,,,,
0.04511461406946182,4,5999,,,,,,,,,
0.0695919543504715,4,6099,,,,,,,,,
0.07264766097068787,4,6199,,,,,,,,,
0.08355023711919785,4,6299,,,,,,,,,
0.08781260251998901,4,6399,,,,,,,,,
,,464,0.04068915173411369,,,,,,,,
,,465,0.04487443342804909,,,,,,,,
,,466,0.035806868225336075,,,,,,,,
,,467,0.011638117954134941,,,,,,,,
,,468,0.04998365044593811,,,,,,,,
,,469,0.0240369513630867,,,,,,,,
,,470,0.013690566644072533,,,,,,,,
,,471,0.03641621395945549,,,,,,,,
,,472,0.05880310758948326,,,,,,,,
,,473,0.020567063242197037,,,,,,,,
,,474,0.053018227219581604,,,,,,,,
,,475,0.013016566634178162,,,,,,,,
,,476,0.05255822092294693,,,,,,,,
,,477,0.04966679587960243,,,,,,,,
,,478,0.024967463687062263,,,,,,,,
,,479,0.050715915858745575,,,,,,,,
,,480,0.02822170779109001,,,,,,,,
,,481,0.0346679724752903,,,,,,,,
,,482,0.036077678203582764,,,,,,,,
,,483,0.012292273342609406,,,,,,,,
,,484,0.027764543890953064,,,,,,,,
,,485,0.0160157959908247,,,,,,,,
,,486,0.07236699014902115,,,,,,,,
,,487,0.011429842561483383,,,,,,,,
,,488,0.05148718133568764,,,,,,,,
,,489,0.08098282665014267,,,,,,,,
,,490,0.023634353652596474,,,,,,,,
,,491,0.03381892666220665,,,,,,,,
,,492,0.12890717387199402,,,,,,,,
,,493,0.0523793026804924,,,,,,,,
,,494,0.026731692254543304,,,,,,,,
,,495,0.02690514177083969,,,,,,,,
,,496,0.021770808845758438,,,,,,,,
,,497,0.01521599106490612,,,,,,,,
,,498,0.042578745633363724,,,,,,,,
,,499,0.019971245899796486,,,,,,,,
,,500,0.04317043721675873,,,,,,,,
,,501,0.009610266424715519,,,,,,,,
,,502,0.08188410103321075,,,,,,,,
,,503,0.02715485543012619,,,,,,,,
,,504,0.020549431443214417,,,,,,,,
,,505,0.016545848920941353,,,,,,,,
,,506,0.04087129980325699,,,,,,,,
,,507,0.05001534894108772,,,,,,,,
,,508,0.012545171193778515,,,,,,,,
,,509,0.03568967431783676,,,,,,,,
,,510,0.02810705080628395,,,,,,,,
,,511,0.010235853493213654,,,,,,,,
,,512,0.04003365337848663,,,,,,,,
,,513,0.04138503596186638,,,,,,,,
,,514,0.029171310365200043,,,,,,,,
,,515,0.021646609529852867,,,,,,,,
,,516,0.02265329286456108,,,,,,,,
,,517,0.043082475662231445,,,,,,,,
,,518,0.04019300639629364,,,,,,,,
,,519,0.06247444450855255,,,,,,,,
,,520,0.028430446982383728,,,,,,,,
,,521,0.04538756236433983,,,,,,,,
,,522,0.041794247925281525,,,,,,,,
,,523,0.05791313573718071,,,,,,,,
,,524,0.039089374244213104,,,,,,,,
,,525,0.011681387200951576,,,,,,,,
,,526,0.05504791438579559,,,,,,,,
,,527,0.022245481610298157,,,,,,,,
,,528,0.061950791627168655,,,,,,,,
,,529,0.013186411000788212,,,,,,,,
,,530,0.02156035602092743,,,,,,,,
,,531,0.02781449258327484,,,,,,,,
,,532,0.024049706757068634,,,,,,,,
,,533,0.030204690992832184,,,,,,,,
,,534,0.03459317237138748,,,,,,,,
,,535,0.07717525959014893,,,,,,,,
,,536,0.032319918274879456,,,,,,,,
,,537,0.04199669510126114,,,,,,,,
,,538,0.045461397618055344,,,,,,,,
,,539,0.04983502998948097,,,,,,,,
,,540,0.028260093182325363,,,,,,,,
,,541,0.037563931196928024,,,,,,,,
,,542,0.01827956736087799,,,,,,,,
,,543,0.024729540571570396,,,,,,,,
,,544,0.03775246441364288,,,,,,,,
,,545,0.023924589157104492,,,,,,,,
,,546,0.03272721543908119,,,,,,,,
,,547,0.047410957515239716,,,,,,,,
,,548,0.10080553591251373,,,,,,,,
,,549,0.06868630647659302,,,,,,,,
,,550,0.0380522646009922,,,,,,,,
,,551,0.056081224232912064,,,,,,,,
,,552,0.008731348440051079,,,,,,,,
,,553,0.01618526317179203,,,,,,,,
,,554,0.09359299391508102,,,,,,,,
,,555,0.015378888696432114,,,,,,,,
,,556,0.03092682920396328,,,,,,,,
,,557,0.0642041563987732,,,,,,,,
,,558,0.03593096509575844,,,,,,,,
,,559,0.04140520095825195,,,,,,,,
,,560,0.028577249497175217,,,,,,,,
,,561,0.07792893052101135,,,,,,,,
,,562,0.09061361849308014,,,,,,,,
,,563,0.03386823087930679,,,,,,,,
,,564,0.03963770344853401,,,,,,,,
,,565,0.012218176387250423,,,,,,,,
,,566,0.01269479189068079,,,,,,,,
,,567,0.028512360528111458,,,,,,,,
,,568,0.027868997305631638,,,,,,,,
,,569,0.021931855008006096,,,,,,,,
,,570,0.049203433096408844,,,,,,,,
,,571,0.0317419171333313,,,,,,,,
,,572,0.0534992441534996,,,,,,,,
,,573,0.04161107540130615,,,,,,,,
,,574,0.026011314243078232,,,,,,,,
,,575,0.03375757113099098,,,,,,,,
,,576,0.03876043111085892,,,,,,,,
,,577,0.026692626997828484,,,,,,,,
,,578,0.04850047081708908,,,,,,,,
,,579,0.07077197730541229,,,,,,,,
,4,6419,,0.037909135222435,0.22845683991909027,0.23102591931819916,0.9971412420272827,,,,
,4,6419,,,,,,0.07901773601770401,0.25783905386924744,0.40516307950019836,0.9907139539718628
0.04441090300679207,5,6499,,,,,,,,,
0.08541577309370041,5,6599,,,,,,,,,
0.08520704507827759,5,6699,,,,,,,,,
0.13724525272846222,5,6799,,,,,,,,,
0.08694270253181458,5,6899,,,,,,,,,
0.06816891580820084,5,6999,,,,,,,,,
0.04729828983545303,5,7099,,,,,,,,,
0.05968421697616577,5,7199,,,,,,,,,
0.054247479885816574,5,7299,,,,,,,,,
0.05697711929678917,5,7399,,,,,,,,,
0.07491113245487213,5,7499,,,,,,,,,
0.10200075060129166,5,7599,,,,,,,,,
0.036745335906744,5,7699,,,,,,,,,
,,580,0.04119759425520897,,,,,,,,
,,581,0.046499233692884445,,,,,,,,
,,582,0.03730731084942818,,,,,,,,
,,583,0.013703460805118084,,,,,,,,
,,584,0.043883636593818665,,,,,,,,
,,585,0.029769450426101685,,,,,,,,
,,586,0.014354129321873188,,,,,,,,
,,587,0.04031352326273918,,,,,,,,
,,588,0.05564451962709427,,,,,,,,
,,589,0.024498367682099342,,,,,,,,
,,590,0.05130593478679657,,,,,,,,
,,591,0.014523654244840145,,,,,,,,
,,592,0.04726143553853035,,,,,,,,
,,593,0.049662988632917404,,,,,,,,
,,594,0.0234969574958086,,,,,,,,
,,595,0.061041515320539474,,,,,,,,
,,596,0.03238026425242424,,,,,,,,
,,597,0.04006322845816612,,,,,,,,
,,598,0.03547990322113037,,,,,,,,
,,599,0.01498271431773901,,,,,,,,
,,600,0.03298436105251312,,,,,,,,
,,601,0.021845830604434013,,,,,,,,
,,602,0.07482041418552399,,,,,,,,
,,603,0.014665217138826847,,,,,,,,
,,604,0.04899115860462189,,,,,,,,
,,605,0.08028893172740936,,,,,,,,
,,606,0.02637673355638981,,,,,,,,
,,607,0.042811520397663116,,,,,,,,
,,608,0.12476956099271774,,,,,,,,
,,609,0.0548614077270031,,,,,,,,
,,610,0.03023678995668888,,,,,,,,
,,611,0.025396397337317467,,,,,,,,
,,612,0.021957354620099068,,,,,,,,
,,613,0.013125134631991386,,,,,,,,
,,614,0.0434262678027153,,,,,,,,
,,615,0.021686721593141556,,,,,,,,
,,616,0.04059896990656853,,,,,,,,
,,617,0.014307290315628052,,,,,,,,
,,618,0.07659415900707245,,,,,,,,
,,619,0.028795424848794937,,,,,,,,
,,620,0.024569619446992874,,,,,,,,
,,621,0.02234414406120777,,,,,,,,
,,622,0.0492788664996624,,,,,,,,
,,623,0.039801765233278275,,,,,,,,
,,624,0.019405243918299675,,,,,,,,
,,625,0.03403719887137413,,,,,,,,
,,626,0.043950725346803665,,,,,,,,
,,627,0.01053815521299839,,,,,,,,
,,628,0.036673400551080704,,,,,,,,
,,629,0.0378233939409256,,,,,,,,
,,630,0.03675905987620354,,,,,,,,
,,631,0.026011839509010315,,,,,,,,
,,632,0.024713490158319473,,,,,,,,
,,633,0.04315320402383804,,,,,,,,
,,634,0.040745578706264496,,,,,,,,
,,635,0.05334475263953209,,,,,,,,
,,636,0.02948610670864582,,,,,,,,
,,637,0.05032126232981682,,,,,,,,
,,638,0.044098902493715286,,,,,,,,
,,639,0.058496132493019104,,,,,,,,
,,640,0.03678636625409126,,,,,,,,
,,641,0.018184902146458626,,,,,,,,
,,642,0.0518592968583107,,,,,,,,
,,643,0.03165705129504204,,,,,,,,
,,644,0.06929302960634232,,,,,,,,
,,645,0.014874769374728203,,,,,,,,
,,646,0.02206544764339924,,,,,,,,
,,647,0.024218974635004997,,,,,,,,
,,648,0.02650182880461216,,,,,,,,
,,649,0.02617248333990574,,,,,,,,
,,650,0.038326114416122437,,,,,,,,
,,651,0.06351767480373383,,,,,,,,
,,652,0.03484856337308884,,,,,,,,
,,653,0.04558246210217476,,,,,,,,
,,654,0.04934040457010269,,,,,,,,
,,655,0.05312291160225868,,,,,,,,
,,656,0.030275685712695122,,,,,,,,
,,657,0.03512593358755112,,,,,,,,
,,658,0.02250373549759388,,,,,,,,
,,659,0.0251162126660347,,,,,,,,
,,660,0.03889865055680275,,,,,,,,
,,661,0.030164849013090134,,,,,,,,
,,662,0.035487234592437744,,,,,,,,
,,663,0.04097229614853859,,,,,,,,
,,664,0.09331375360488892,,,,,,,,
,,665,0.06837250292301178,,,,,,,,
,,666,0.03797803446650505,,,,,,,,
,,667,0.051637914031744,,,,,,,,
,,668,0.008332928642630577,,,,,,,,
,,669,0.02032327651977539,,,,,,,,
,,670,0.09058739989995956,,,,,,,,
,,671,0.028153879567980766,,,,,,,,
,,672,0.031125620007514954,,,,,,,,
,,673,0.06670595705509186,,,,,,,,
,,674,0.03835662454366684,,,,,,,,
,,675,0.04189369082450867,,,,,,,,
,,676,0.031138349324464798,,,,,,,,
,,677,0.06651372462511063,,,,,,,,
,,678,0.08028922975063324,,,,,,,,
,,679,0.03842274099588394,,,,,,,,
,,680,0.04068257659673691,,,,,,,,
,,681,0.01703229360282421,,,,,,,,
,,682,0.015090773813426495,,,,,,,,
,,683,0.028508320450782776,,,,,,,,
,,684,0.025871384888887405,,,,,,,,
,,685,0.030733004212379456,,,,,,,,
,,686,0.053274042904376984,,,,,,,,
,,687,0.033321723341941833,,,,,,,,
,,688,0.050778429955244064,,,,,,,,
,,689,0.03600287437438965,,,,,,,,
,,690,0.02866530604660511,,,,,,,,
,,691,0.03395159915089607,,,,,,,,
,,692,0.03474033996462822,,,,,,,,
,,693,0.034836556762456894,,,,,,,,
,,694,0.054177530109882355,,,,,,,,
,,695,0.061577655375003815,,,,,,,,
,5,7703,,0.03895474597811699,0.14057934284210205,0.3770167827606201,0.9947388768196106,,,,
,5,7703,,,,,,0.07549570500850677,0.26441216468811035,0.4308308959007263,0.9907541275024414
0.05330749973654747,6,7799,,,,,,,,,
0.049781158566474915,6,7899,,,,,,,,,
0.08196685463190079,6,7999,,,,,,,,,
0.10312016308307648,6,8099,,,,,,,,,
0.11242102831602097,6,8199,,,,,,,,,
0.07839878648519516,6,8299,,,,,,,,,
0.04189465194940567,6,8399,,,,,,,,,
0.06729616224765778,6,8499,,,,,,,,,
0.08379461616277695,6,8599,,,,,,,,,
0.12259701639413834,6,8699,,,,,,,,,
0.07747147977352142,6,8799,,,,,,,,,
0.04707224667072296,6,8899,,,,,,,,,
,,696,0.042422953993082047,,,,,,,,
,,697,0.0516541451215744,,,,,,,,
,,698,0.039914119988679886,,,,,,,,
,,699,0.025567378848791122,,,,,,,,
,,700,0.05513026937842369,,,,,,,,
,,701,0.03522520512342453,,,,,,,,
,,702,0.021957406774163246,,,,,,,,
,,703,0.045152340084314346,,,,,,,,
,,704,0.0639098510146141,,,,,,,,
,,705,0.028822317719459534,,,,,,,,
,,706,0.051629383116960526,,,,,,,,
,,707,0.03191718831658363,,,,,,,,
,,708,0.05406888201832771,,,,,,,,
,,709,0.054017920047044754,,,,,,,,
,,710,0.038215793669223785,,,,,,,,
,,711,0.06198573112487793,,,,,,,,
,,712,0.03420918434858322,,,,,,,,
,,713,0.05039677396416664,,,,,,,,
,,714,0.042504798620939255,,,,,,,,
,,715,0.021400926634669304,,,,,,,,
,,716,0.04821307957172394,,,,,,,,
,,717,0.03363791108131409,,,,,,,,
,,718,0.08784198015928268,,,,,,,,
,,719,0.02558835595846176,,,,,,,,
,,720,0.061521995812654495,,,,,,,,
,,721,0.07778776437044144,,,,,,,,
,,722,0.03637318313121796,,,,,,,,
,,723,0.03826496750116348,,,,,,,,
,,724,0.11807192862033844,,,,,,,,
,,725,0.05917747691273689,,,,,,,,
,,726,0.03564799949526787,,,,,,,,
,,727,0.03963589295744896,,,,,,,,
,,728,0.03015517257153988,,,,,,,,
,,729,0.02254321239888668,,,,,,,,
,,730,0.04135008528828621,,,,,,,,
,,731,0.02618316374719143,,,,,,,,
,,732,0.044537387788295746,,,,,,,,
,,733,0.023217596113681793,,,,,,,,
,,734,0.07948625832796097,,,,,,,,
,,735,0.039079442620277405,,,,,,,,
,,736,0.04162576422095299,,,,,,,,
,,737,0.025956163182854652,,,,,,,,
,,738,0.045316122472286224,,,,,,,,
,,739,0.04589146375656128,,,,,,,,
,,740,0.028007352724671364,,,,,,,,
,,741,0.04110046103596687,,,,,,,,
,,742,0.038799792528152466,,,,,,,,
,,743,0.019098544493317604,,,,,,,,
,,744,0.047616228461265564,,,,,,,,
,,745,0.04577659070491791,,,,,,,,
,,746,0.03747676685452461,,,,,,,,
,,747,0.03422071412205696,,,,,,,,
,,748,0.03322848677635193,,,,,,,,
,,749,0.0478360578417778,,,,,,,,
,,750,0.044762302190065384,,,,,,,,
,,751,0.05634303763508797,,,,,,,,
,,752,0.036414582282304764,,,,,,,,
,,753,0.0454772524535656,,,,,,,,
,,754,0.04191382974386215,,,,,,,,
,,755,0.061389509588479996,,,,,,,,
,,756,0.04895233362913132,,,,,,,,
,,757,0.020893169566988945,,,,,,,,
,,758,0.0581081286072731,,,,,,,,
,,759,0.03833075985312462,,,,,,,,
,,760,0.07888612151145935,,,,,,,,
,,761,0.016690503805875778,,,,,,,,
,,762,0.035729147493839264,,,,,,,,
,,763,0.03577019274234772,,,,,,,,
,,764,0.03202596306800842,,,,,,,,
,,765,0.032746948301792145,,,,,,,,
,,766,0.04199734330177307,,,,,,,,
,,767,0.0696885734796524,,,,,,,,
,,768,0.04601522535085678,,,,,,,,
,,769,0.036367256194353104,,,,,,,,
,,770,0.04879358038306236,,,,,,,,
,,771,0.05856417119503021,,,,,,,,
,,772,0.03727509826421738,,,,,,,,
,,773,0.03552298992872238,,,,,,,,
,,774,0.026593321934342384,,,,,,,,
,,775,0.03056478686630726,,,,,,,,
,,776,0.04627020284533501,,,,,,,,
,,777,0.03255659341812134,,,,,,,,
,,778,0.043270330876111984,,,,,,,,
,,779,0.04622514918446541,,,,,,,,
,,780,0.09943419694900513,,,,,,,,
,,781,0.06364955008029938,,,,,,,,
,,782,0.03802182152867317,,,,,,,,
,,783,0.05156038701534271,,,,,,,,
,,784,0.0165180042386055,,,,,,,,
,,785,0.023645292967557907,,,,,,,,
,,786,0.09451935440301895,,,,,,,,
,,787,0.026487229391932487,,,,,,,,
,,788,0.04104103893041611,,,,,,,,
,,789,0.06020936369895935,,,,,,,,
,,790,0.03684377297759056,,,,,,,,
,,791,0.04235575348138809,,,,,,,,
,,792,0.034408606588840485,,,,,,,,
,,793,0.07552236318588257,,,,,,,,
,,794,0.07821949571371078,,,,,,,,
,,795,0.04836713522672653,,,,,,,,
,,796,0.04823410138487816,,,,,,,,
,,797,0.02511618472635746,,,,,,,,
,,798,0.024338295683264732,,,,,,,,
,,799,0.039680156856775284,,,,,,,,
,,800,0.03178706392645836,,,,,,,,
,,801,0.032973047345876694,,,,,,,,
,,802,0.06509286910295486,,,,,,,,
,,803,0.03721313923597336,,,,,,,,
,,804,0.05082337558269501,,,,,,,,
,,805,0.03882232680916786,,,,,,,,
,,806,0.03568040207028389,,,,,,,,
,,807,0.04431890323758125,,,,,,,,
,,808,0.039431381970644,,,,,,,,
,,809,0.03733839467167854,,,,,,,,
,,810,0.05031521990895271,,,,,,,,
,,811,0.06460721045732498,,,,,,,,
,6,8987,,0.04423344507813454,0.11152241379022598,0.44740650057792664,0.9929006099700928,,,,
,6,8987,,,,,,0.07364730536937714,0.2673730254173279,0.4445275068283081,0.9907326102256775
0.13628552854061127,7,8999,,,,,,,,,
0.09713243693113327,7,9099,,,,,,,,,
0.11550790071487427,7,9199,,,,,,,,,
0.08391229063272476,7,9299,,,,,,,,,
0.05654901638627052,7,9399,,,,,,,,,
0.0680132582783699,7,9499,,,,,,,,,
0.07966770976781845,7,9599,,,,,,,,,
0.05984477326273918,7,9699,,,,,,,,,
0.05451677367091179,7,9799,,,,,,,,,
0.06137048825621605,7,9899,,,,,,,,,
0.11622832715511322,7,9999,,,,,,,,,
0.07174038141965866,7,10099,,,,,,,,,
0.07890824228525162,7,10199,,,,,,,,,
,,812,0.0398748517036438,,,,,,,,
,,813,0.04881458356976509,,,,,,,,
,,814,0.037538081407547,,,,,,,,
,,815,0.019323378801345825,,,,,,,,
,,816,0.05105994641780853,,,,,,,,
,,817,0.025834446772933006,,,,,,,,
,,818,0.012913181446492672,,,,,,,,
,,819,0.03737505525350571,,,,,,,,
,,820,0.05076940357685089,,,,,,,,
,,821,0.02366289123892784,,,,,,,,
,,822,0.048836495727300644,,,,,,,,
,,823,0.01899763010442257,,,,,,,,
,,824,0.04374483600258827,,,,,,,,
,,825,0.04839116334915161,,,,,,,,
,,826,0.024088473990559578,,,,,,,,
,,827,0.054390791803598404,,,,,,,,
,,828,0.029333241283893585,,,,,,,,
,,829,0.043012626469135284,,,,,,,,
,,830,0.0358123742043972,,,,,,,,
,,831,0.015052098780870438,,,,,,,,
,,832,0.0322926864027977,,,,,,,,
,,833,0.02701118215918541,,,,,,,,
,,834,0.07359454780817032,,,,,,,,
,,835,0.01736510917544365,,,,,,,,
,,836,0.047513291239738464,,,,,,,,
,,837,0.07408604770898819,,,,,,,,
,,838,0.024905575439333916,,,,,,,,
,,839,0.03353538364171982,,,,,,,,
,,840,0.1195603758096695,,,,,,,,
,,841,0.05213938280940056,,,,,,,,
,,842,0.028694331645965576,,,,,,,,
,,843,0.029218794777989388,,,,,,,,
,,844,0.02517404593527317,,,,,,,,
,,845,0.01646468974649906,,,,,,,,
,,846,0.03994746133685112,,,,,,,,
,,847,0.020289067178964615,,,,,,,,
,,848,0.03924104571342468,,,,,,,,
,,849,0.014215242117643356,,,,,,,,
,,850,0.07782059907913208,,,,,,,,
,,851,0.030201038345694542,,,,,,,,
,,852,0.0295322984457016,,,,,,,,
,,853,0.02106383815407753,,,,,,,,
,,854,0.0468265600502491,,,,,,,,
,,855,0.0359320230782032,,,,,,,,
,,856,0.020281264558434486,,,,,,,,
,,857,0.03274109959602356,,,,,,,,
,,858,0.038639266043901443,,,,,,,,
,,859,0.012250881642103195,,,,,,,,
,,860,0.03503480926156044,,,,,,,,
,,861,0.03680605813860893,,,,,,,,
,,862,0.0388132706284523,,,,,,,,
,,863,0.02821999229490757,,,,,,,,
,,864,0.02636835351586342,,,,,,,,
,,865,0.040883056819438934,,,,,,,,
,,866,0.039511539041996,,,,,,,,
,,867,0.048227667808532715,,,,,,,,
,,868,0.030242301523685455,,,,,,,,
,,869,0.045530471950769424,,,,,,,,
,,870,0.03972208872437477,,,,,,,,
,,871,0.051137540489435196,,,,,,,,
,,872,0.045782703906297684,,,,,,,,
,,873,0.01934860832989216,,,,,,,,
,,874,0.05294887349009514,,,,,,,,
,,875,0.03443819284439087,,,,,,,,
,,876,0.057359348982572556,,,,,,,,
,,877,0.01361722219735384,,,,,,,,
,,878,0.026000695303082466,,,,,,,,
,,879,0.02412673458456993,,,,,,,,
,,880,0.026534030213952065,,,,,,,,
,,881,0.022902721539139748,,,,,,,,
,,882,0.03645762428641319,,,,,,,,
,,883,0.064414843916893,,,,,,,,
,,884,0.03234546259045601,,,,,,,,
,,885,0.03367552533745766,,,,,,,,
,,886,0.04247795790433884,,,,,,,,
,,887,0.05497254058718681,,,,,,,,
,,888,0.027944035828113556,,,,,,,,
,,889,0.027021294459700584,,,,,,,,
,,890,0.02046753279864788,,,,,,,,
,,891,0.024102361872792244,,,,,,,,
,,892,0.03516774997115135,,,,,,,,
,,893,0.029514465481042862,,,,,,,,
,,894,0.03065427951514721,,,,,,,,
,,895,0.04092654958367348,,,,,,,,
,,896,0.0864817276597023,,,,,,,,
,,897,0.06060804799199104,,,,,,,,
,,898,0.035983856767416,,,,,,,,
,,899,0.047105833888053894,,,,,,,,
,,900,0.009860910475254059,,,,,,,,
,,901,0.01963992603123188,,,,,,,,
,,902,0.08782438188791275,,,,,,,,
,,903,0.021434426307678223,,,,,,,,
,,904,0.03252450376749039,,,,,,,,
,,905,0.058935511857271194,,,,,,,,
,,906,0.03344690054655075,,,,,,,,
,,907,0.03222063183784485,,,,,,,,
,,908,0.03251881152391434,,,,,,,,
,,909,0.06321270018815994,,,,,,,,
,,910,0.07626797258853912,,,,,,,,
,,911,0.03925614431500435,,,,,,,,
,,912,0.03954427316784859,,,,,,,,
,,913,0.01646307110786438,,,,,,,,
,,914,0.015359380282461643,,,,,,,,
,,915,0.03266981989145279,,,,,,,,
,,916,0.023673977702856064,,,,,,,,
,,917,0.025473041459918022,,,,,,,,
,,918,0.04845143482089043,,,,,,,,
,,919,0.029398666694760323,,,,,,,,
,,920,0.047512274235486984,,,,,,,,
,,921,0.039311908185482025,,,,,,,,
,,922,0.027040496468544006,,,,,,,,
,,923,0.03990021347999573,,,,,,,,
,,924,0.03280001878738403,,,,,,,,
,,925,0.02833496406674385,,,,,,,,
,,926,0.05157032608985901,,,,,,,,
,,927,0.05613350495696068,,,,,,,,
,7,10271,,0.0374484583735466,0.15590986609458923,0.4209343194961548,0.9949759840965271,,,,
,7,10271,,,,,,0.0719728097319603,0.2727228105068207,0.46235397458076477,0.9907598495483398
