train_loss_step,lr,epoch,step,val_loss,val_dice,train_loss_epoch
0.2997550368309021,0.0029294926207512617,0,49,,,
0.29901695251464844,0.0027191347908228636,0,99,,,
0.3050122857093811,0.0023894887417554855,0,149,,,
0.28307318687438965,0.0019728222396224737,0,199,,,
0.2895355820655823,0.0015099216252565384,0,249,,,
0.3093830347061157,0.0010460986522957683,0,299,,,
0.29968732595443726,0.0006267556454986334,0,349,,,
0.26172763109207153,0.0002929408219642937,0,399,,,
0.3375036120414734,7.733033271506429e-05,0,449,,,
0.28674668073654175,1.0295988204234163e-06,0,499,,,
0.3283117413520813,7.150747842388228e-05,0,549,,,
0.31412553787231445,0.0002818650973495096,0,599,,,
,,0,641,0.39951714873313904,0.6077020764350891,
,,0,641,,,0.33286115527153015
0.2789238691329956,0.0006115111755207181,1,649,,,
0.2837490439414978,0.00102817767765373,1,699,,,
0.36961209774017334,0.001491078408434987,1,749,,,
0.30905812978744507,0.001954901497811079,1,799,,,
0.3407977223396301,0.002374244388192892,1,849,,,
0.2767981290817261,0.0027080592699348927,1,899,,,
0.36105406284332275,0.002923669759184122,1,949,,,
0.23271918296813965,0.002999970456585288,1,999,,,
0.2759210467338562,0.0029294926207512617,1,1049,,,
0.2938622832298279,0.0027191347908228636,1,1099,,,
0.33527880907058716,0.0023894887417554855,1,1149,,,
0.34957271814346313,0.0019728222396224737,1,1199,,,
0.3607930541038513,0.0015099216252565384,1,1249,,,
,,1,1283,0.3964029550552368,0.609832227230072,
,,1,1283,,,0.30259042978286743
0.3146541118621826,0.0010460986522957683,2,1299,,,
0.28805017471313477,0.0006267556454986334,2,1349,,,
0.31822651624679565,0.0002929408219642937,2,1399,,,
0.27775734663009644,7.733033271506429e-05,2,1449,,,
0.2580849528312683,1.0295988204234163e-06,2,1499,,,
0.25776416063308716,7.150747842388228e-05,2,1549,,,
0.28050798177719116,0.0002818650973495096,2,1599,,,
0.33005475997924805,0.0006115111755207181,2,1649,,,
0.2518768906593323,0.00102817767765373,2,1699,,,
0.3058859705924988,0.001491078408434987,2,1749,,,
0.28161388635635376,0.001954901497811079,2,1799,,,
0.3121345639228821,0.002374244388192892,2,1849,,,
0.28765082359313965,0.0027080592699348927,2,1899,,,
,,2,1925,0.39142680168151855,0.6151927709579468,
,,2,1925,,,0.2961558997631073
0.34389418363571167,0.002923669759184122,3,1949,,,
0.32090669870376587,0.002999970456585288,3,1999,,,
0.29306578636169434,0.0029294926207512617,3,2049,,,
0.2832624912261963,0.0027191347908228636,3,2099,,,
0.2954103946685791,0.0023894887417554855,3,2149,,,
0.27734440565109253,0.0019728222396224737,3,2199,,,
0.2853069305419922,0.0015099216252565384,3,2249,,,
0.3288329243659973,0.0010460986522957683,3,2299,,,
0.27830970287323,0.0006267556454986334,3,2349,,,
0.26483458280563354,0.0002929408219642937,3,2399,,,
0.28678441047668457,7.733033271506429e-05,3,2449,,,
0.3837125897407532,1.0295988204234163e-06,3,2499,,,
0.31380659341812134,7.150747842388228e-05,3,2549,,,
,,3,2567,0.38971519470214844,0.6167147159576416,
,,3,2567,,,0.2969438433647156
0.28933602571487427,0.0002818650973495096,4,2599,,,
0.2984428405761719,0.0006115111755207181,4,2649,,,
0.31414496898651123,0.00102817767765373,4,2699,,,
0.2870078682899475,0.001491078408434987,4,2749,,,
0.29626256227493286,0.001954901497811079,4,2799,,,
0.239770770072937,0.002374244388192892,4,2849,,,
0.2710310220718384,0.0027080592699348927,4,2899,,,
0.30979055166244507,0.002923669759184122,4,2949,,,
0.3348768949508667,0.002999970456585288,4,2999,,,
0.3319469690322876,0.0029294926207512617,4,3049,,,
0.3262443542480469,0.0027191347908228636,4,3099,,,
0.32501018047332764,0.0023894887417554855,4,3149,,,
0.3142054080963135,0.0019728222396224737,4,3199,,,
,,4,3209,0.39244839549064636,0.6137438416481018,
,,4,3209,,,0.29790765047073364
0.3147587776184082,0.0015099216252565384,5,3249,,,
0.3122130036354065,0.0010460986522957683,5,3299,,,
0.30186694860458374,0.0006267556454986334,5,3349,,,
0.27344799041748047,0.0002929408219642937,5,3399,,,
0.34216541051864624,7.733033271506429e-05,5,3449,,,
0.33786123991012573,1.0295988204234163e-06,5,3499,,,
0.32201552391052246,7.150747842388228e-05,5,3549,,,
0.31956905126571655,0.0002818650973495096,5,3599,,,
0.2875658869743347,0.0006115111755207181,5,3649,,,
0.2900628447532654,0.00102817767765373,5,3699,,,
0.2567816376686096,0.001491078408434987,5,3749,,,
0.31654393672943115,0.001954901497811079,5,3799,,,
0.21823585033416748,0.002374244388192892,5,3849,,,
,,5,3851,0.3933746814727783,0.6131014823913574,
,,5,3851,,,0.2938535809516907
0.2837560176849365,0.0027080592699348927,6,3899,,,
0.3180164694786072,0.002923669759184122,6,3949,,,
0.3384416103363037,0.002999970456585288,6,3999,,,
0.3192393183708191,0.0029294926207512617,6,4049,,,
0.2891494035720825,0.0027191347908228636,6,4099,,,
0.3057878017425537,0.0023894887417554855,6,4149,,,
0.2964310646057129,0.0019728222396224737,6,4199,,,
0.35627198219299316,0.0015099216252565384,6,4249,,,
0.253123939037323,0.0010460986522957683,6,4299,,,
0.3096771240234375,0.0006267556454986334,6,4349,,,
0.2883792519569397,0.0002929408219642937,6,4399,,,
0.2387392520904541,7.733033271506429e-05,6,4449,,,
,,6,4493,0.3918941020965576,0.6144253015518188,
,,6,4493,,,0.29547443985939026
0.31485265493392944,1.0295988204234163e-06,7,4499,,,
0.2905645966529846,7.150747842388228e-05,7,4549,,,
0.2827507257461548,0.0002818650973495096,7,4599,,,
0.2578100562095642,0.0006115111755207181,7,4649,,,
0.3029026389122009,0.00102817767765373,7,4699,,,
0.30878937244415283,0.001491078408434987,7,4749,,,
0.332976758480072,0.001954901497811079,7,4799,,,
0.3048522472381592,0.002374244388192892,7,4849,,,
0.3344636559486389,0.0027080592699348927,7,4899,,,
0.2980678677558899,0.002923669759184122,7,4949,,,
0.3077468276023865,0.002999970456585288,7,4999,,,
0.3117557168006897,0.0029294926207512617,7,5049,,,
0.33094924688339233,0.0027191347908228636,7,5099,,,
,,7,5135,0.38753542304039,0.6187765002250671,
,,7,5135,,,0.2953825294971466
0.2570728659629822,0.0023894887417554855,8,5149,,,
0.2745060324668884,0.0019728222396224737,8,5199,,,
0.33596187829971313,0.0015099216252565384,8,5249,,,
0.2860611081123352,0.0010460986522957683,8,5299,,,
0.2539965510368347,0.0006267556454986334,8,5349,,,
0.3469405174255371,0.0002929408219642937,8,5399,,,
0.2805633544921875,7.733033271506429e-05,8,5449,,,
0.28878253698349,1.0295988204234163e-06,8,5499,,,
0.28037774562835693,7.150747842388228e-05,8,5549,,,
0.2951197028160095,0.0002818650973495096,8,5599,,,
0.31331342458724976,0.0006115111755207181,8,5649,,,
0.30693429708480835,0.00102817767765373,8,5699,,,
0.2844388484954834,0.001491078408434987,8,5749,,,
,,8,5777,0.39249637722969055,0.6138821840286255,
,,8,5777,,,0.29448509216308594
0.3008328676223755,0.001954901497811079,9,5799,,,
0.27949774265289307,0.002374244388192892,9,5849,,,
0.2950206995010376,0.0027080592699348927,9,5899,,,
0.33408135175704956,0.002923669759184122,9,5949,,,
0.28094178438186646,0.002999970456585288,9,5999,,,
0.2787438631057739,0.0029294926207512617,9,6049,,,
0.29869139194488525,0.0027191347908228636,9,6099,,,
0.278644859790802,0.0023894887417554855,9,6149,,,
0.27109408378601074,0.0019728222396224737,9,6199,,,
0.3471800684928894,0.0015099216252565384,9,6249,,,
0.26538413763046265,0.0010460986522957683,9,6299,,,
0.2557571530342102,0.0006267556454986334,9,6349,,,
0.2415846586227417,0.0002929408219642937,9,6399,,,
,,9,6419,0.391035258769989,0.6152943968772888,
,,9,6419,,,0.2953721284866333
0.29216301441192627,7.733033271506429e-05,10,6449,,,
0.3212199807167053,1.0295988204234163e-06,10,6499,,,
0.2757280468940735,7.150747842388228e-05,10,6549,,,
0.28110837936401367,0.0002818650973495096,10,6599,,,
0.247686505317688,0.0006115111755207181,10,6649,,,
0.24347323179244995,0.00102817767765373,10,6699,,,
0.30007636547088623,0.001491078408434987,10,6749,,,
0.25628185272216797,0.001954901497811079,10,6799,,,
0.33964651823043823,0.002374244388192892,10,6849,,,
0.31628507375717163,0.0027080592699348927,10,6899,,,
0.25702303647994995,0.002923669759184122,10,6949,,,
0.3218685984611511,0.002999970456585288,10,6999,,,
0.3056561350822449,0.0029294926207512617,10,7049,,,
,,10,7061,0.38703253865242004,0.6192432045936584,
,,10,7061,,,0.2938638925552368
0.3561411499977112,0.0027191347908228636,11,7099,,,
0.2940666675567627,0.0023894887417554855,11,7149,,,
0.3088815212249756,0.0019728222396224737,11,7199,,,
0.26928961277008057,0.0015099216252565384,11,7249,,,
0.3216109871864319,0.0010460986522957683,11,7299,,,
0.3054153323173523,0.0006267556454986334,11,7349,,,
0.34197455644607544,0.0002929408219642937,11,7399,,,
0.2730594873428345,7.733033271506429e-05,11,7449,,,
0.2689352035522461,1.0295988204234163e-06,11,7499,,,
0.2811664938926697,7.150747842388228e-05,11,7549,,,
0.3079359531402588,0.0002818650973495096,11,7599,,,
0.21494990587234497,0.0006115111755207181,11,7649,,,
0.29064297676086426,0.00102817767765373,11,7699,,,
,,11,7703,0.3903377056121826,0.6158617734909058,
,,11,7703,,,0.29426109790802
0.24315184354782104,0.001491078408434987,12,7749,,,
0.33843857049942017,0.001954901497811079,12,7799,,,
0.33925479650497437,0.002374244388192892,12,7849,,,
0.31439918279647827,0.0027080592699348927,12,7899,,,
0.255071222782135,0.002923669759184122,12,7949,,,
0.2713679075241089,0.002999970456585288,12,7999,,,
0.2852603793144226,0.0029294926207512617,12,8049,,,
0.3402554988861084,0.0027191347908228636,12,8099,,,
0.3250874876976013,0.0023894887417554855,12,8149,,,
0.2610471844673157,0.0019728222396224737,12,8199,,,
0.33421385288238525,0.0015099216252565384,12,8249,,,
0.3041567802429199,0.0010460986522957683,12,8299,,,
,,12,8345,0.3886551260948181,0.6176409125328064,
,,12,8345,,,0.2951132655143738
0.24973511695861816,0.0006267556454986334,13,8349,,,
0.25769543647766113,0.0002929408219642937,13,8399,,,
0.30356019735336304,7.733033271506429e-05,13,8449,,,
0.2685099244117737,1.0295988204234163e-06,13,8499,,,
0.25434714555740356,7.150747842388228e-05,13,8549,,,
0.3246006965637207,0.0002818650973495096,13,8599,,,
0.2989833950996399,0.0006115111755207181,13,8649,,,
0.23990964889526367,0.00102817767765373,13,8699,,,
0.2925255298614502,0.001491078408434987,13,8749,,,
0.25563567876815796,0.001954901497811079,13,8799,,,
0.3081892728805542,0.002374244388192892,13,8849,,,
0.31065207719802856,0.0027080592699348927,13,8899,,,
0.37778401374816895,0.002923669759184122,13,8949,,,
,,13,8987,0.39595329761505127,0.6104560494422913,
,,13,8987,,,0.2939193546772003
0.2756686210632324,0.002999970456585288,14,8999,,,
0.30470871925354004,0.0029294926207512617,14,9049,,,
0.29733115434646606,0.0027191347908228636,14,9099,,,
0.24014651775360107,0.0023894887417554855,14,9149,,,
0.2828003168106079,0.0019728222396224737,14,9199,,,
0.31923431158065796,0.0015099216252565384,14,9249,,,
0.2673724293708801,0.0010460986522957683,14,9299,,,
0.27063924074172974,0.0006267556454986334,14,9349,,,
0.3152340054512024,0.0002929408219642937,14,9399,,,
0.2812061309814453,7.733033271506429e-05,14,9449,,,
0.28438448905944824,1.0295988204234163e-06,14,9499,,,
0.3019704818725586,7.150747842388228e-05,14,9549,,,
0.25442808866500854,0.0002818650973495096,14,9599,,,
,,14,9629,0.3916250467300415,0.6143833994865417,
,,14,9629,,,0.2940218448638916
0.32405585050582886,0.0006115111755207181,15,9649,,,
0.29004204273223877,0.00102817767765373,15,9699,,,
0.30850064754486084,0.001491078408434987,15,9749,,,
0.31086885929107666,0.001954901497811079,15,9799,,,
0.30374181270599365,0.002374244388192892,15,9849,,,
0.3116435408592224,0.0027080592699348927,15,9899,,,
0.2964191436767578,0.002923669759184122,15,9949,,,
0.2757114768028259,0.002999970456585288,15,9999,,,
0.2940911054611206,0.0029294926207512617,15,10049,,,
0.26680099964141846,0.0027191347908228636,15,10099,,,
0.27513736486434937,0.0023894887417554855,15,10149,,,
0.3122326135635376,0.0019728222396224737,15,10199,,,
0.2650999426841736,0.0015099216252565384,15,10249,,,
,,15,10271,0.39626234769821167,0.6102606058120728,
,,15,10271,,,0.29396146535873413
0.2915414571762085,0.0012938834261149168,16,10272,,,
0.28039127588272095,0.0012845558812841773,16,10273,,,
0.2899383306503296,0.0012752367183566093,16,10274,,,
0.26115965843200684,0.001265926519408822,16,10275,,,
0.26428037881851196,0.001256625517271459,16,10276,,,
0.2625945210456848,0.0012473342940211296,16,10277,,,
0.2624276876449585,0.0012380529660731554,16,10278,,,
0.2974737882614136,0.0012287819990888238,16,10279,,,
0.29091447591781616,0.0012195217423141003,16,10280,,,
0.2826254367828369,0.0012102725449949503,16,10281,,,
0.28230416774749756,0.0012010348727926612,16,10282,,,
0.3010450601577759,0.0011918090749531984,16,10283,,,
0.28211140632629395,0.0011825953843072057,16,10284,,,
0.3080419898033142,0.0011733942665159702,16,10285,,,
0.3035097122192383,0.0011642059544101357,16,10286,,,
0.29879236221313477,0.0011550310300663114,16,10287,,,
0.2791462540626526,0.0011458697263151407,16,10288,,,
0.2719900608062744,0.0011367225088179111,16,10289,,,
0.29393476247787476,0.0011275894939899445,16,10290,,,
0.32743966579437256,0.0011184712639078498,16,10291,,,
0.3216453790664673,0.0011093681678175926,16,10292,,,
0.28500163555145264,0.0011002804385498166,16,10293,,,
0.2928611636161804,0.001091208541765809,16,10294,,,
0.28618472814559937,0.0010821528267115355,16,10295,,,
0.28801459074020386,0.0010731136426329613,16,10296,,,
0.26196473836898804,0.0010640912223607302,16,10297,,,
0.29656416177749634,0.0010550861479714513,16,10298,,,
0.26081764698028564,0.0010460986522957683,16,10299,,,
0.28997087478637695,0.0010371289681643248,16,10300,,,
0.33992987871170044,0.00102817767765373,16,10301,,,
0.2975394129753113,0.0010192450135946274,16,10302,,,
0.2916979193687439,0.0010103314416483045,16,10303,,,
0.27970242500305176,0.001001437078230083,16,10304,,,
0.28849905729293823,0.000992562505416572,16,10305,,,
0.28726255893707275,0.0009837079560384154,16,10306,,,
0.27243858575820923,0.0009748737793415785,16,10307,,,
0.24104797840118408,0.0009660603827796876,16,10308,,,
0.30684417486190796,0.0009572681155987084,16,10309,,,
0.2742769122123718,0.0009484972106292844,16,10310,,,
0.29185694456100464,0.0009397481917403638,16,10311,,,
0.28207117319107056,0.0009310212335549295,16,10312,,,
0.26549237966537476,0.0009223168017342687,16,10313,,,
0.26476192474365234,0.0009136351873166859,16,10314,,,
0.2889746427536011,0.0009049767395481467,16,10315,,,
0.3142894506454468,0.0008963418076746166,16,10316,,,
0.3240070343017578,0.000887730740942061,16,10317,,,
0.2729998826980591,0.0008791438303887844,16,10318,,,
0.28304964303970337,0.0008705814252607524,16,10319,,,
0.2160649299621582,0.0008620439330115914,16,10320,,,
0.28554344177246094,0.000853531644679606,16,10321,,,
0.2416400909423828,0.0008450449095107615,16,10322,,,
0.3417400121688843,0.0008365840185433626,16,10323,,,
0.2898094654083252,0.0008281493792310357,16,10324,,,
0.30553168058395386,0.0008197412244044244,16,10325,,,
0.29654550552368164,0.0008113600197248161,16,10326,,,
0.2588518261909485,0.0008030059398151934,16,10327,,,
0.28612709045410156,0.0007946794503368437,16,10328,,,
0.34517258405685425,0.0007863808423280716,16,10329,,,
0.3222891688346863,0.0007781103486195207,16,10330,,,
0.29481273889541626,0.0007698684348724782,16,10331,,,
0.34180742502212524,0.000761655333917588,16,10332,,,
0.3423345685005188,0.0007534714532084763,16,10333,,,
0.26226210594177246,0.0007453170255757868,16,10334,,,
0.3417467474937439,0.000737192400265485,16,10335,,,
0.27125632762908936,0.0007290979265235364,16,10336,,,
0.29675477743148804,0.0007210338953882456,16,10337,,,
0.2935933470726013,0.0007130006561055779,16,10338,,,
0.31651538610458374,0.0007049984997138381,16,10339,,,
0.2745189666748047,0.0006970277172513306,16,10340,,,
0.25575053691864014,0.000689088657964021,16,10341,,,
0.24537253379821777,0.0006811816710978746,16,10342,,,
0.3139194846153259,0.0006733069894835353,16,10343,,,
0.30761629343032837,0.0006654650205746293,16,10344,,,
0.31739342212677,0.0006576559972018003,16,10345,,,
0.33160871267318726,0.000649880210403353,16,10346,,,
0.3931753635406494,0.0006421380094252527,16,10347,,,
0.26667124032974243,0.0006344297435134649,16,10348,,,
0.3223322629928589,0.0006267556454986334,16,10349,,,
0.25024861097335815,0.0006191160064190626,16,10350,,,
0.3359328508377075,0.0006115111755207181,16,10351,,,
0.26256507635116577,0.0006039415020495653,16,10352,,,
0.2735585570335388,0.000596407160628587,16,10353,,,
0.2841038703918457,0.0005889085005037487,16,10354,,,
0.23781979084014893,0.0005814458709210157,16,10355,,,
0.2919117212295532,0.0005740195047110319,16,10356,,,
0.28028547763824463,0.0005666297511197627,16,10357,,,
0.32602953910827637,0.0005592767847701907,16,10358,,,
0.27125686407089233,0.0005519610131159425,16,10359,,,
0.309472918510437,0.0005446827271953225,16,10360,,,
0.3189597725868225,0.0005374421598389745,16,10361,,,
0.24440878629684448,0.0005302396020852029,16,10362,,,
0.3262631893157959,0.0005230753449723125,16,10363,,,
0.37488240003585815,0.0005159496795386076,16,10364,,,
0.332119345664978,0.000508862838614732,16,10365,,,
0.28708165884017944,0.0005018152296543121,16,10366,,,
0.31956684589385986,0.0004948069690726697,16,10367,,,
0.3300892114639282,0.00048783846432343125,16,10368,,,
0.32496094703674316,0.00048090991913340986,16,10369,,,
0.2738720178604126,0.0004740216245409101,16,10370,,,
0.23234933614730835,0.00046717384248040617,16,10371,,,
0.2748037576675415,0.00046036686399020255,16,10372,,,
0.251401424407959,0.0004536009510047734,16,10373,,,
0.34216320514678955,0.00044687636545859277,16,10374,,,
0.2671598792076111,0.00044019336928613484,16,10375,,,
0.3207208514213562,0.00043355225352570415,16,10376,,,
0.3265973925590515,0.00042695325100794435,16,10377,,,
0.39790016412734985,0.00042039662366732955,16,10378,,,
0.27762794494628906,0.00041388263343833387,16,10379,,,
0.30403023958206177,0.0004074115422554314,16,10380,,,
0.31877028942108154,0.0004009836120530963,16,10381,,,
0.30890190601348877,0.00039459907566197217,16,10382,,,
0.31063467264175415,0.0003882582241203636,16,10383,,,
0.32156503200531006,0.0003819612611550838,16,10384,,,
0.3616963028907776,0.0003757084487006068,16,10385,,,
0.3011623024940491,0.00036950004869140685,16,10386,,,
0.24960988759994507,0.0003633362939581275,16,10387,,,
0.27253615856170654,0.0003572174464352429,16,10388,,,
0.2664293050765991,0.0003511437389533967,16,10389,,,
0.2979358434677124,0.0003451154043432325,16,10390,,,
0.313335120677948,0.00033913267543539405,16,10391,,,
0.30366194248199463,0.00033319578506052494,16,10392,,,
0.31648433208465576,0.00032730496604926884,16,10393,,,
0.3435474634170532,0.0003214605094399303,16,10394,,,
0.25030243396759033,0.00031566256075166166,16,10395,,,
0.31489187479019165,0.0003099114110227674,16,10396,,,
0.27380847930908203,0.00030420723487623036,16,10397,,,
0.262021541595459,0.00029855029424652457,16,10398,,,
0.30483394861221313,0.0002929408219642937,16,10399,,,
0.3041985034942627,0.000287379021756351,16,10400,,,
0.28313523530960083,0.0002818650973495096,16,10401,,,
0.2888118028640747,0.0002763992815744132,16,10402,,,
0.302154004573822,0.0002709818072617054,16,10403,,,
0.2532219886779785,0.00026561287813819945,16,10404,,,
0.34200507402420044,0.00026029266882687807,16,10405,,,
0.2770341634750366,0.0002550214412622154,16,10406,,,
0.291736364364624,0.00024979939917102456,16,10407,,,
0.28531503677368164,0.00024462671717628837,16,10408,,,
0.29636603593826294,0.00023950359900482,16,10409,,,
0.25523239374160767,0.00023443027748726308,16,10410,,,
0.3192356824874878,0.00022940694179851562,16,10411,,,
0.27942824363708496,0.00022443378111347556,16,10412,,,
0.3400725722312927,0.00021951098460704088,16,10413,,,
0.2743370532989502,0.00021463878510985523,16,10414,,,
0.28388112783432007,0.0002098173281410709,16,10415,,,
0.31485122442245483,0.0002050468319794163,16,10416,,,
0.26346123218536377,0.00020032748579978943,16,10417,,,
0.31552261114120483,0.000195659464225173,16,10418,,,
0.26199954748153687,0.00019104294187854975,16,10419,,,
0.26375460624694824,0.00018647813703864813,16,10420,,,
0.2895451784133911,0.0001819651952246204,16,10421,,,
0.2905370593070984,0.00017750430561136454,16,10422,,,
0.26765161752700806,0.0001730956428218633,16,10423,,,
0.29453492164611816,0.00016873939603101462,16,10424,,,
0.26385027170181274,0.0001644357107579708,16,10425,,,
0.29815441370010376,0.00016018479072954506,16,10426,,,
0.2857305407524109,0.00015598676691297442,16,10427,,,
0.3246719241142273,0.00015184182848315686,16,10428,,,
0.296766996383667,0.00014775012095924467,16,10429,,,
0.2605016827583313,0.0001437118335161358,16,10430,,,
0.2531529664993286,0.00013972711167298257,16,10431,,,
0.309365451335907,0.00013579610094893724,16,10432,,,
0.25369328260421753,0.00013191896141506732,16,10433,,,
0.2797916531562805,0.00012809586769435555,16,10434,,,
0.26130402088165283,0.00012432693620212376,16,10435,,,
0.2521505355834961,0.0001206123415613547,16,10436,,,
0.2623242139816284,0.00011695222929120064,16,10437,,,
0.35506224632263184,0.00011334673035889864,16,10438,,,
0.29927361011505127,0.00010979599028360099,16,10439,,,
0.3071221113204956,0.00010630016186041757,16,10440,,,
0.33499032258987427,0.00010285936878062785,16,10441,,,
0.2666633129119873,9.947374928742647e-05,16,10442,,,
0.327841579914093,9.614344162400812e-05,16,10443,,,
0.30429553985595703,9.286858403356746e-05,16,10444,,,
0.2984977960586548,8.96492856554687e-05,16,10445,,,
0.3007799983024597,8.648569200886413e-05,16,10446,,,
0.30354738235473633,8.337791950907558e-05,16,10447,,,
0.29046177864074707,8.032609184738249e-05,16,10448,,,
0.28490984439849854,7.733033271506429e-05,16,10449,,,
0.29640382528305054,7.43907512514852e-05,16,10450,,,
0.35575491189956665,7.150747842388228e-05,16,10451,,,
0.2972913980484009,6.868061609566212e-05,16,10452,,,
0.25158798694610596,6.591028068214655e-05,16,10453,,,
0.26843786239624023,6.319657404674217e-05,16,10454,,,
0.27462852001190186,6.0539619880728424e-05,16,10455,,,
0.2712252140045166,5.793950549559668e-05,16,10456,,,
0.28127801418304443,5.539634366868995e-05,16,10457,,,
0.2696564793586731,5.291023262543604e-05,16,10458,,,
0.32441550493240356,5.048127059126273e-05,16,10459,,,
0.2614296078681946,4.81095485156402e-05,16,10460,,,
0.29545867443084717,4.579516826197505e-05,16,10461,,,
0.2870657444000244,4.353821714175865e-05,16,10462,,,
0.25213831663131714,4.133878246648237e-05,16,10463,,,
0.3049706220626831,3.919695518561639e-05,16,10464,,,
0.2627781629562378,3.711281533469446e-05,16,10465,,,
0.27436113357543945,3.5086450225207955e-05,16,10466,,,
0.39071327447891235,3.3117932616733015e-05,16,10467,,,
0.24919575452804565,3.120734982076101e-05,16,10468,,,
0.33929526805877686,2.9354769139899872e-05,16,10469,,,
0.3472490906715393,2.756026697170455e-05,16,10470,,,
0.33100342750549316,2.5823914256761782e-05,16,10471,,,
0.2698211669921875,2.4145780116668902e-05,16,10472,,,
0.29975587129592896,2.252593003504444e-05,16,10473,,,
0.26826298236846924,2.0964425857528113e-05,16,10474,,,
0.31859761476516724,1.946133306773845e-05,16,10475,,,
0.2804344892501831,1.8016708054346964e-05,16,10476,,,
0.2775864601135254,1.6630610844003968e-05,16,10477,,,
0.3192695379257202,1.5303092368412763e-05,16,10478,,,
0.2768257260322571,1.4034207197255455e-05,16,10479,,,
0.31387680768966675,1.2824005352740642e-05,16,10480,,,
0.2817053198814392,1.1672534128592815e-05,16,10481,,,
0.30467522144317627,1.0579839909041766e-05,16,10482,,,
0.35216444730758667,9.545964530843776e-06,16,10483,,,
0.2773149609565735,8.570949830755126e-06,16,10484,,,
0.28607672452926636,7.65483400755329e-06,16,10485,,,
0.25320082902908325,6.79765298627899e-06,16,10486,,,
0.3135215640068054,5.999440872983541e-06,16,10487,,,
0.3250187039375305,5.260229045234155e-06,16,10488,,,
0.2668460011482239,4.580046606861288e-06,16,10489,,,
0.28953421115875244,3.958920842705993e-06,16,10490,,,
0.25792884826660156,3.396875627004192e-06,16,10491,,,
0.2951522469520569,2.8939334697497543e-06,16,10492,,,
0.25867199897766113,2.4501143798261182e-06,16,10493,,,
0.24633115530014038,2.065435865006293e-06,16,10494,,,
0.33615803718566895,1.739912704579183e-06,16,10495,,,
0.3363577127456665,1.4735581999048009e-06,16,10496,,,
0.28092771768569946,1.266382582798542e-06,16,10497,,,
0.3967217206954956,1.1183942660863977e-06,16,10498,,,
0.3063843846321106,1.0295988204234163e-06,16,10499,,,
0.4373050928115845,9.999999974752427e-07,16,10500,,,
0.3166755437850952,1.0295988204234163e-06,16,10501,,,
0.2748509645462036,1.1183942660863977e-06,16,10502,,,
0.2794730067253113,1.266382582798542e-06,16,10503,,,
0.4866636395454407,1.4735581999048009e-06,16,10504,,,
0.30488210916519165,1.739912704579183e-06,16,10505,,,
0.2844623327255249,2.065435865006293e-06,16,10506,,,
0.38175517320632935,2.4501143798261182e-06,16,10507,,,
0.31927013397216797,2.8939334697497543e-06,16,10508,,,
0.2756919264793396,3.396875627004192e-06,16,10509,,,
0.34500640630722046,3.958920842705993e-06,16,10510,,,
0.3190068006515503,4.580046606861288e-06,16,10511,,,
0.2530943751335144,5.260229045234155e-06,16,10512,,,
0.29637694358825684,5.999440872983541e-06,16,10513,,,
0.27272385358810425,6.79765298627899e-06,16,10514,,,
0.29129403829574585,7.65483400755329e-06,16,10515,,,
0.273859441280365,8.570949830755126e-06,16,10516,,,
0.30955255031585693,9.545964530843776e-06,16,10517,,,
0.2534095048904419,1.0579839909041766e-05,16,10518,,,
0.352763295173645,1.1672534128592815e-05,16,10519,,,
0.23360097408294678,1.2824005352740642e-05,16,10520,,,
0.25040340423583984,1.4034207197255455e-05,16,10521,,,
0.29221540689468384,1.5303092368412763e-05,16,10522,,,
0.3243727684020996,1.6630610844003968e-05,16,10523,,,
0.24560242891311646,1.8016708054346964e-05,16,10524,,,
0.31110650300979614,1.946133306773845e-05,16,10525,,,
0.2876022458076477,2.0964425857528113e-05,16,10526,,,
0.3084639310836792,2.252593003504444e-05,16,10527,,,
0.4365397095680237,2.4145780116668902e-05,16,10528,,,
0.32346028089523315,2.5823914256761782e-05,16,10529,,,
0.26435452699661255,2.756026697170455e-05,16,10530,,,
0.29310137033462524,2.9354769139899872e-05,16,10531,,,
0.27506184577941895,3.120734982076101e-05,16,10532,,,
0.2946847081184387,3.3117932616733015e-05,16,10533,,,
0.2860564589500427,3.5086450225207955e-05,16,10534,,,
0.3162209391593933,3.711281533469446e-05,16,10535,,,
0.29760581254959106,3.919695518561639e-05,16,10536,,,
0.29470616579055786,4.133878246648237e-05,16,10537,,,
0.3231355547904968,4.353821714175865e-05,16,10538,,,
0.3538127541542053,4.579516826197505e-05,16,10539,,,
0.2647305130958557,4.81095485156402e-05,16,10540,,,
0.2852100133895874,5.048127059126273e-05,16,10541,,,
0.2664703130722046,5.291023262543604e-05,16,10542,,,
0.269412100315094,5.539634366868995e-05,16,10543,,,
0.30370593070983887,5.793950549559668e-05,16,10544,,,
0.2799355983734131,6.0539619880728424e-05,16,10545,,,
0.26001590490341187,6.319657404674217e-05,16,10546,,,
0.26434117555618286,6.591028068214655e-05,16,10547,,,
0.3049495816230774,6.868061609566212e-05,16,10548,,,
0.2693815231323242,7.150747842388228e-05,16,10549,,,
0.28739428520202637,7.43907512514852e-05,16,10550,,,
0.3193284869194031,7.733033271506429e-05,16,10551,,,
0.3720747232437134,8.032609184738249e-05,16,10552,,,
0.31229662895202637,8.337791950907558e-05,16,10553,,,
0.26468712091445923,8.648569200886413e-05,16,10554,,,
0.2725967764854431,8.96492856554687e-05,16,10555,,,
0.33728325366973877,9.286858403356746e-05,16,10556,,,
0.2983945608139038,9.614344162400812e-05,16,10557,,,
0.3289477825164795,9.947374928742647e-05,16,10558,,,
0.27254343032836914,0.00010285936878062785,16,10559,,,
0.31218641996383667,0.00010630016186041757,16,10560,,,
0.26775169372558594,0.00010979599028360099,16,10561,,,
0.3019099235534668,0.00011334673035889864,16,10562,,,
0.2691792845726013,0.00011695222929120064,16,10563,,,
0.25119298696517944,0.0001206123415613547,16,10564,,,
0.2813614010810852,0.00012432693620212376,16,10565,,,
0.26035845279693604,0.00012809586769435555,16,10566,,,
0.3308505415916443,0.00013191896141506732,16,10567,,,
0.35199326276779175,0.00013579610094893724,16,10568,,,
0.31781864166259766,0.00013972711167298257,16,10569,,,
0.3155885338783264,0.0001437118335161358,16,10570,,,
0.2571343183517456,0.00014775012095924467,16,10571,,,
0.2935575246810913,0.00015184182848315686,16,10572,,,
0.32412153482437134,0.00015598676691297442,16,10573,,,
0.21639126539230347,0.00016018479072954506,16,10574,,,
0.2921445369720459,0.0001644357107579708,16,10575,,,
0.3005571961402893,0.00016873939603101462,16,10576,,,
0.27413707971572876,0.0001730956428218633,16,10577,,,
0.26717233657836914,0.00017750430561136454,16,10578,,,
0.31201058626174927,0.0001819651952246204,16,10579,,,
0.3000583052635193,0.00018647813703864813,16,10580,,,
0.2574922442436218,0.00019104294187854975,16,10581,,,
0.29551708698272705,0.000195659464225173,16,10582,,,
0.2873895764350891,0.00020032748579978943,16,10583,,,
0.26663392782211304,0.0002050468319794163,16,10584,,,
0.2944260239601135,0.0002098173281410709,16,10585,,,
0.2516857981681824,0.00021463878510985523,16,10586,,,
0.27861225605010986,0.00021951098460704088,16,10587,,,
0.2905927300453186,0.00022443378111347556,16,10588,,,
0.3023105263710022,0.00022940694179851562,16,10589,,,
0.27209556102752686,0.00023443027748726308,16,10590,,,
0.24077683687210083,0.00023950359900482,16,10591,,,
0.3012058734893799,0.00024462671717628837,16,10592,,,
0.25138652324676514,0.00024979939917102456,16,10593,,,
0.3087612986564636,0.0002550214412622154,16,10594,,,
0.2999139428138733,0.00026029266882687807,16,10595,,,
0.2595840096473694,0.00026561287813819945,16,10596,,,
0.2742307186126709,0.0002709818072617054,16,10597,,,
0.25880396366119385,0.0002763992815744132,16,10598,,,
0.30143409967422485,0.0002818650973495096,16,10599,,,
0.309991717338562,0.000287379021756351,16,10600,,,
0.2812548279762268,0.0002929408219642937,16,10601,,,
0.3315204381942749,0.00029855029424652457,16,10602,,,
0.2974036931991577,0.00030420723487623036,16,10603,,,
0.24931567907333374,0.0003099114110227674,16,10604,,,
0.302844762802124,0.00031566256075166166,16,10605,,,
0.31104838848114014,0.0003214605094399303,16,10606,,,
0.29357606172561646,0.00032730496604926884,16,10607,,,
0.323262095451355,0.00033319578506052494,16,10608,,,
0.22752374410629272,0.00033913267543539405,16,10609,,,
0.2819672226905823,0.0003451154043432325,16,10610,,,
0.2936803102493286,0.0003511437389533967,16,10611,,,
0.27520281076431274,0.0003572174464352429,16,10612,,,
0.28546375036239624,0.0003633362939581275,16,10613,,,
0.28238970041275024,0.00036950004869140685,16,10614,,,
0.24946832656860352,0.0003757084487006068,16,10615,,,
0.27026957273483276,0.0003819612611550838,16,10616,,,
0.2930993437767029,0.0003882582241203636,16,10617,,,
0.3377322554588318,0.00039459907566197217,16,10618,,,
0.25517576932907104,0.0004009836120530963,16,10619,,,
0.30113136768341064,0.0004074115422554314,16,10620,,,
0.3199702501296997,0.00041388263343833387,16,10621,,,
0.28086525201797485,0.00042039662366732955,16,10622,,,
0.2800307273864746,0.00042695325100794435,16,10623,,,
0.2677984833717346,0.00043355225352570415,16,10624,,,
0.25459492206573486,0.00044019336928613484,16,10625,,,
0.2848876714706421,0.00044687636545859277,16,10626,,,
0.3241822123527527,0.0004536009510047734,16,10627,,,
0.31058406829833984,0.00046036686399020255,16,10628,,,
0.2525681257247925,0.00046717384248040617,16,10629,,,
0.269106388092041,0.0004740216245409101,16,10630,,,
0.30283451080322266,0.00048090991913340986,16,10631,,,
0.31297558546066284,0.00048783846432343125,16,10632,,,
0.3768635392189026,0.0004948069690726697,16,10633,,,
0.2885128855705261,0.0005018152296543121,16,10634,,,
0.29439717531204224,0.000508862838614732,16,10635,,,
0.2552623152732849,0.0005159496795386076,16,10636,,,
0.2966685891151428,0.0005230753449723125,16,10637,,,
0.33716362714767456,0.0005302396020852029,16,10638,,,
0.3460695743560791,0.0005374421598389745,16,10639,,,
0.26872217655181885,0.0005446827271953225,16,10640,,,
0.28262168169021606,0.0005519610131159425,16,10641,,,
0.2987396717071533,0.0005592767847701907,16,10642,,,
0.24678605794906616,0.0005666297511197627,16,10643,,,
0.30533134937286377,0.0005740195047110319,16,10644,,,
0.2611807584762573,0.0005814458709210157,16,10645,,,
0.2887424826622009,0.0005889085005037487,16,10646,,,
0.31312769651412964,0.000596407160628587,16,10647,,,
0.2941005825996399,0.0006039415020495653,16,10648,,,
0.23928987979888916,0.0006115111755207181,16,10649,,,
0.31544244289398193,0.0006191160064190626,16,10650,,,
0.32315361499786377,0.0006267556454986334,16,10651,,,
0.2810797691345215,0.0006344297435134649,16,10652,,,
0.2756780982017517,0.0006421380094252527,16,10653,,,
0.275715172290802,0.000649880210403353,16,10654,,,
0.32605403661727905,0.0006576559972018003,16,10655,,,
0.2925645709037781,0.0006654650205746293,16,10656,,,
0.24316197633743286,0.0006733069894835353,16,10657,,,
0.29120928049087524,0.0006811816710978746,16,10658,,,
0.2789990305900574,0.000689088657964021,16,10659,,,
0.3107187747955322,0.0006970277172513306,16,10660,,,
0.2804383635520935,0.0007049984997138381,16,10661,,,
0.26706403493881226,0.0007130006561055779,16,10662,,,
0.28187692165374756,0.0007210338953882456,16,10663,,,
0.3222163915634155,0.0007290979265235364,16,10664,,,
0.2642408013343811,0.000737192400265485,16,10665,,,
0.27636611461639404,0.0007453170255757868,16,10666,,,
0.23338627815246582,0.0007534714532084763,16,10667,,,
0.2414148449897766,0.000761655333917588,16,10668,,,
0.2319616675376892,0.0007698684348724782,16,10669,,,
0.31973928213119507,0.0007781103486195207,16,10670,,,
0.248543381690979,0.0007863808423280716,16,10671,,,
0.2724992632865906,0.0007946794503368437,16,10672,,,
0.35138118267059326,0.0008030059398151934,16,10673,,,
0.29227083921432495,0.0008113600197248161,16,10674,,,
0.2983894348144531,0.0008197412244044244,16,10675,,,
0.26312094926834106,0.0008281493792310357,16,10676,,,
0.2895955443382263,0.0008365840185433626,16,10677,,,
0.3032193183898926,0.0008450449095107615,16,10678,,,
0.27543848752975464,0.000853531644679606,16,10679,,,
0.2643553614616394,0.0008620439330115914,16,10680,,,
0.319379985332489,0.0008705814252607524,16,10681,,,
0.3748367428779602,0.0008791438303887844,16,10682,,,
0.33416593074798584,0.000887730740942061,16,10683,,,
0.27417004108428955,0.0008963418076746166,16,10684,,,
0.27410370111465454,0.0009049767395481467,16,10685,,,
0.28939712047576904,0.0009136351873166859,16,10686,,,
0.32507407665252686,0.0009223168017342687,16,10687,,,
0.32260918617248535,0.0009310212335549295,16,10688,,,
0.2510366439819336,0.0009397481917403638,16,10689,,,
0.25997865200042725,0.0009484972106292844,16,10690,,,
0.25174474716186523,0.0009572681155987084,16,10691,,,
0.2516896724700928,0.0009660603827796876,16,10692,,,
0.28755027055740356,0.0009748737793415785,16,10693,,,
0.29119861125946045,0.0009837079560384154,16,10694,,,
0.34273916482925415,0.000992562505416572,16,10695,,,
0.35536646842956543,0.001001437078230083,16,10696,,,
0.2824670076370239,0.0010103314416483045,16,10697,,,
0.2735326886177063,0.0010192450135946274,16,10698,,,
0.33665698766708374,0.00102817767765373,16,10699,,,
0.30744320154190063,0.0010371289681643248,16,10700,,,
0.296688973903656,0.0010460986522957683,16,10701,,,
0.3516560196876526,0.0010550861479714513,16,10702,,,
0.42184412479400635,0.0010640912223607302,16,10703,,,
0.27653825283050537,0.0010731136426329613,16,10704,,,
0.25569236278533936,0.0010821528267115355,16,10705,,,
0.2703246474266052,0.001091208541765809,16,10706,,,
0.29286032915115356,0.0011002804385498166,16,10707,,,
0.3031315803527832,0.0011093681678175926,16,10708,,,
0.30943167209625244,0.0011184712639078498,16,10709,,,
0.33071333169937134,0.0011275894939899445,16,10710,,,
0.2921314239501953,0.0011367225088179111,16,10711,,,
0.2792487144470215,0.0011458697263151407,16,10712,,,
0.2688549757003784,0.0011550310300663114,16,10713,,,
0.2658144235610962,0.0011642059544101357,16,10714,,,
0.29486769437789917,0.0011733942665159702,16,10715,,,
0.2928413152694702,0.0011825953843072057,16,10716,,,
0.3350828289985657,0.0011918090749531984,16,10717,,,
0.27664774656295776,0.0012010348727926612,16,10718,,,
0.30803054571151733,0.0012102725449949503,16,10719,,,
0.2404068112373352,0.0012195217423141003,16,10720,,,
0.2390432357788086,0.0012287819990888238,16,10721,,,
0.2868075370788574,0.0012380529660731554,16,10722,,,
0.2932862639427185,0.0012473342940211296,16,10723,,,
0.26666104793548584,0.001256625517271459,16,10724,,,
0.27474015951156616,0.001265926519408822,16,10725,,,
0.28335070610046387,0.0012752367183566093,16,10726,,,
0.3151432275772095,0.0012845558812841773,16,10727,,,
0.25725317001342773,0.0012938834261149168,16,10728,,,
0.26519590616226196,0.001303219236433506,16,10729,,,
0.30556726455688477,0.0013125628465786576,16,10730,,,
0.2865399122238159,0.0013219137908890843,16,10731,,,
0.2525051236152649,0.0013312718365341425,16,10732,,,
0.2542765736579895,0.0013406365178525448,16,10733,,,
0.39610356092453003,0.0013500076020136476,16,10734,,,
0.28678643703460693,0.0013593846233561635,16,10735,,,
0.27666276693344116,0.0013687671162188053,16,10736,,,
0.2833338975906372,0.0013781548477709293,16,10737,,,
0.25901246070861816,0.00138754746876657,16,10738,,,
0.2987556457519531,0.0013969445135444403,16,10739,,,
0.3116358518600464,0.0014063456328585744,16,10740,,,
0.28723931312561035,0.001415750477463007,16,10741,,,
0.2756030559539795,0.0014251586981117725,16,10742,,,
0.294841468334198,0.0014345698291435838,16,10743,,,
0.31362056732177734,0.0014439835213124752,16,10744,,,
0.28865236043930054,0.0014533995417878032,16,10745,,,
0.3546154499053955,0.0014628174249082804,16,10746,,,
0.32692933082580566,0.0014722368214279413,16,10747,,,
0.32854247093200684,0.0014816572656854987,16,10748,,,
0.3043193221092224,0.001491078408434987,16,10749,,,
0.27829504013061523,0.0015005000168457627,16,10750,,,
0.2685360312461853,0.0015099216252565384,16,10751,,,
0.3067924380302429,0.0015193427680060267,16,10752,,,
0.32595962285995483,0.0015287632122635841,16,10753,,,
0.26372623443603516,0.001538182608783245,16,10754,,,
0.3703339695930481,0.0015476003754884005,16,10755,,,
0.2591695189476013,0.0015570163959637284,16,10756,,,
0.24707353115081787,0.0015664302045479417,16,10757,,,
0.22815638780593872,0.001575841335579753,16,10758,,,
0.3699526786804199,0.0015852495562285185,16,10759,,,
0.2489132285118103,0.001594654400832951,16,10760,,,
0.26189708709716797,0.0016040555201470852,16,10761,,,
0.2641696333885193,0.0016134525649249554,16,10762,,,
0.24902689456939697,0.0016228450695052743,16,10763,,,
0.32980382442474365,0.0016322329174727201,16,10764,,,
0.30098187923431396,0.001641615410335362,16,10765,,,
0.2723454236984253,0.001650992431677878,16,10766,,,
0.3067218065261841,0.0016603633994236588,16,10767,,,
0.33475261926651,0.001669728197157383,16,10768,,,
0.29738104343414307,0.0016790862428024411,16,10769,,,
0.2997373938560486,0.0016884371871128678,16,10770,,,
0.35640019178390503,0.0016977807972580194,16,10771,,,
0.26157188415527344,0.0017071164911612868,16,10772,,,
0.3958929181098938,0.0017164441524073482,16,10773,,,
0.2840706706047058,0.0017257633153349161,16,10774,,,
0.3036658763885498,0.0017350735142827034,16,10775,,,
0.30267274379730225,0.0017443744000047445,16,10776,,,
0.269028902053833,0.0017536657396703959,16,10777,,,
0.3256852626800537,0.00176294706761837,16,10778,,,
0.255729615688324,0.0017722180346027017,16,10779,,,
0.2618274688720703,0.0017814782913774252,16,10780,,,
0.3152576684951782,0.0017907273722812533,16,10781,,,
0.2918369770050049,0.0017999651608988643,16,10782,,,
0.3420400619506836,0.001809190958738327,16,10783,,,
0.29847878217697144,0.0018184046493843198,16,10784,,,
0.28979378938674927,0.0018276057671755552,16,10785,,,
0.3184816241264343,0.0018367939628660679,16,10786,,,
0.2488187551498413,0.0018459688872098923,16,10787,,,
0.2992844581604004,0.001855130190961063,16,10788,,,
0.2598506212234497,0.0018642775248736143,16,10789,,,
0.2629653811454773,0.001873410539701581,16,10790,,,
0.3238864541053772,0.0018825286533683538,16,10791,,,
0.2937581539154053,0.0018916318658739328,16,10792,,,
0.278231143951416,0.001900719478726387,16,10793,,,
0.291143000125885,0.0019097913755103946,16,10794,,,
0.3188825845718384,0.00191884720697999,16,10795,,,
0.3257972002029419,0.0019278863910585642,16,10796,,,
0.2651295065879822,0.0019369086949154735,16,10797,,,
0.32113927602767944,0.0019459138857200742,16,10798,,,
0.3072504997253418,0.001954901497811079,16,10799,,,
0.3011593818664551,0.0019638710655272007,16,10800,,,
0.32435065507888794,0.0019728222396224737,16,10801,,,
0.32063376903533936,0.001981755020096898,16,10802,,,
0.2748986482620239,0.001990668708458543,16,10803,,,
0.31599515676498413,0.0019995628390461206,16,10804,,,
0.3045785427093506,0.0020084374118596315,16,10805,,,
0.2876776456832886,0.002017291961237788,16,10806,,,
0.32410794496536255,0.002026126254349947,16,10807,,,
0.27291756868362427,0.002034939592704177,16,10808,,,
0.2718249559402466,0.002043731976300478,16,10809,,,
0.2787911295890808,0.0020525027066469193,16,10810,,,
0.2800065279006958,0.0020612517837435007,16,10811,,,
0.2715967893600464,0.002069978741928935,16,10812,,,
0.2935067415237427,0.002078683115541935,16,10813,,,
0.2997623682022095,0.0020873649045825005,16,10814,,,
0.306782603263855,0.002096023177728057,16,10815,,,
0.25012314319610596,0.002104658167809248,16,10816,,,
0.3058742880821228,0.0021132691763341427,16,10817,,,
0.2863870859146118,0.002121856203302741,16,10818,,,
0.28730249404907227,0.002130418550223112,16,10819,,,
0.324698269367218,0.002138955984264612,16,10820,,,
0.31182408332824707,0.0021474682725965977,16,10821,,,
0.30510008335113525,0.002155955182388425,16,10822,,,
0.3470253348350525,0.002164416015148163,16,10823,,,
0.2743338346481323,0.002172850538045168,16,10824,,,
0.2681354880332947,0.00218125875107944,16,10825,,,
0.2957409620285034,0.0021896399557590485,16,10826,,,
0.24846160411834717,0.002197994152083993,16,10827,,,
0.2929311990737915,0.0022063206415623426,16,10828,,,
0.2553212642669678,0.002214619191363454,16,10829,,,
0.30304044485092163,0.002222889568656683,16,10830,,,
0.28647589683532715,0.0022311315406113863,16,10831,,,
0.424832820892334,0.0022393446415662766,16,10832,,,
0.29556018114089966,0.00224752863869071,16,10833,,,
0.30965256690979004,0.0022556830663233995,16,10834,,,
0.31317734718322754,0.0022638076916337013,16,10835,,,
0.28375524282455444,0.002271902048960328,16,10836,,,
0.32828187942504883,0.00227996613830328,16,10837,,,
0.27588605880737305,0.0022879992611706257,16,10838,,,
0.35536009073257446,0.0022960014175623655,16,10839,,,
0.279621958732605,0.0023039723746478558,16,10840,,,
0.2901982069015503,0.0023119114339351654,16,10841,,,
0.30094462633132935,0.002319818362593651,16,10842,,,
0.2685914635658264,0.0023276929277926683,16,10843,,,
0.2752315402030945,0.0023355348967015743,16,10844,,,
0.24832028150558472,0.002343344036489725,16,10845,,,
0.2623783349990845,0.0023511198814958334,16,10846,,,
0.28284120559692383,0.002358861966058612,16,10847,,,
0.2737652659416199,0.0023665702901780605,16,10848,,,
0.30062156915664673,0.002374244388192892,16,10849,,,
0.2793705463409424,0.002381884027272463,16,10850,,,
0.28289228677749634,0.0023894887417554855,16,10851,,,
0.2922566533088684,0.00239705853164196,16,10852,,,
0.29606592655181885,0.0024045929312705994,16,10853,,,
0.27143585681915283,0.002412091474980116,16,10854,,,
0.32858067750930786,0.0024195541627705097,16,10855,,,
0.34584587812423706,0.0024269805289804935,16,10856,,,
0.319701611995697,0.0024343703407794237,16,10857,,,
0.3150230646133423,0.002441723132506013,16,10858,,,
0.25920140743255615,0.002449038904160261,16,10859,,,
0.2982260584831238,0.002456317190080881,16,10860,,,
0.33310723304748535,0.002463557757437229,16,10861,,,
0.2782110571861267,0.0024707603733986616,16,10862,,,
0.2872123718261719,0.002477924572303891,16,10863,,,
0.31807905435562134,0.002485050354152918,16,10864,,,
0.2755998969078064,0.0024921372532844543,16,10865,,,
0.3318840265274048,0.0024991848040372133,16,10866,,,
0.32710933685302734,0.002506193006411195,16,10867,,,
0.27888572216033936,0.002513161627575755,16,10868,,,
0.28822094202041626,0.002520090201869607,16,10869,,,
0.38628363609313965,0.0025269784964621067,16,10870,,,
0.2731369137763977,0.002533826045691967,16,10871,,,
0.2587714195251465,0.0025406330823898315,16,10872,,,
0.2912184000015259,0.002547399140894413,16,10873,,,
0.2774372100830078,0.0025541235227137804,16,10874,,,
0.2550027370452881,0.002560806693509221,16,10875,,,
0.31259989738464355,0.0025674477219581604,16,10876,,,
0.2599300742149353,0.002574046840891242,16,10877,,,
0.2662343978881836,0.002580603351816535,16,10878,,,
0.27147042751312256,0.0025871172547340393,16,10879,,,
0.25763624906539917,0.002593588549643755,16,10880,,,
0.27873194217681885,0.0026000163052231073,16,10881,,,
0.2727731466293335,0.0026064009871333838,16,10882,,,
0.2881391644477844,0.0026127418968826532,16,10883,,,
0.3278084993362427,0.002619038801640272,16,10884,,,
0.3407098650932312,0.002625291468575597,16,10885,,,
0.2642665505409241,0.0026314998976886272,16,10886,,,
0.28395456075668335,0.002637663623318076,16,10887,,,
0.2880089282989502,0.0026437826454639435,16,10888,,,
0.3040132522583008,0.0026498562656342983,16,10889,,,
0.2331497073173523,0.0026558847166597843,16,10890,,,
0.3427621126174927,0.0026618673000484705,16,10891,,,
0.3270832896232605,0.0026678042486310005,16,10892,,,
0.32630062103271484,0.002673695096746087,16,10893,,,
0.2936232089996338,0.0026795396115630865,16,10894,,,
0.3154509663581848,0.0026853373274207115,16,10895,,,
0.29525476694107056,0.0026910887099802494,16,10896,,,
0.29233318567276,0.0026967928279191256,16,10897,,,
0.268312931060791,0.00270244968123734,16,10898,,,
0.3179471492767334,0.0027080592699348927,16,10899,,,
0.24026238918304443,0.0027136208955198526,16,10900,,,
0.2876931428909302,0.0027191347908228636,16,10901,,,
0.31273043155670166,0.002724600723013282,16,10902,,,
0.3153964877128601,0.00273001822642982,16,10903,,,
0.24486231803894043,0.0027353870682418346,16,10904,,,
0.33559805154800415,0.0027407072484493256,16,10905,,,
0.3029647469520569,0.002745978534221649,16,10906,,,
0.2835156321525574,0.002751200692728162,16,10907,,,
0.29467320442199707,0.002756373258307576,16,10908,,,
0.3197440505027771,0.002761496463790536,16,10909,,,
0.25805360078811646,0.00276656961068511,16,10910,,,
0.261843204498291,0.002771593164652586,16,10911,,,
0.3430217504501343,0.002776566194370389,16,10912,,,
0.29707854986190796,0.0027814889326691628,16,10913,,,
,,16,10913,0.39123398065567017,0.6151872873306274,
,,16,10913,,,0.293856680393219
0.27703917026519775,0.0027863611467182636,17,10914,,,
0.279685378074646,0.002791182603687048,17,10915,,,
0.2844703793525696,0.002795953070744872,17,10916,,,
0.31540465354919434,0.002800672547891736,17,10917,,,
0.3268875479698181,0.0028053405694663525,17,10918,,,
0.3043341040611267,0.0028099571354687214,17,10919,,,
0.29171663522720337,0.0028145217802375555,17,10920,,,
0.25557321310043335,0.0028190347366034985,17,10921,,,
0.30728936195373535,0.0028234957717359066,17,10922,,,
0.2383335828781128,0.0028279044199734926,17,10923,,,
0.31160396337509155,0.0028322606813162565,17,10924,,,
0.2831757068634033,0.0028365643229335546,17,10925,,,
0.27782052755355835,0.0028408151119947433,17,10926,,,
0.26051265001296997,0.0028450132813304663,17,10927,,,
0.31157630681991577,0.0028491581324487925,17,10928,,,
0.29688262939453125,0.0028532498981803656,17,10929,,,
0.30649006366729736,0.0028572881128638983,17,10930,,,
0.33434581756591797,0.0028612730093300343,17,10931,,,
0.2733965516090393,0.0028652038890868425,17,10932,,,
0.3020879626274109,0.0028690809849649668,17,10933,,,
0.2738204598426819,0.0028729040641337633,17,10934,,,
0.4706333875656128,0.002876673126593232,17,10935,,,
0.2945976257324219,0.002880387706682086,17,10936,,,
0.3022552728652954,0.002884047804400325,17,10937,,,
0.2947431206703186,0.002887653186917305,17,10938,,,
0.331786572933197,0.00289120408706367,17,10939,,,
0.2888488173484802,0.0028946998063474894,17,10940,,,
0.34168899059295654,0.0028981405775994062,17,10941,,,
0.25836050510406494,0.002901526167988777,17,10942,,,
0.31069159507751465,0.002904856577515602,17,10943,,,
0.2931375503540039,0.002908131340518594,17,10944,,,
0.28877508640289307,0.002911350689828396,17,10945,,,
0.30021995306015015,0.0029145143926143646,17,10946,,,
0.31009817123413086,0.002917621983215213,17,10947,,,
0.335365355014801,0.0029206739272922277,17,10948,,,
0.3033320903778076,0.002923669759184122,17,10949,,,
0.28778594732284546,0.002926609246060252,17,10950,,,
0.2956557869911194,0.0029294926207512617,17,10951,,,
0.37344998121261597,0.0029323194175958633,17,10952,,,
0.36604076623916626,0.002935089636594057,17,10953,,,
0.2722964286804199,0.0029378035105764866,17,10954,,,
0.2658884525299072,0.002940460341051221,17,10955,,,
0.29796165227890015,0.0029430605936795473,17,10956,,,
0.3517897129058838,0.002945603569969535,17,10957,,,
0.29947859048843384,0.002948089735582471,17,10958,,,
0.27492445707321167,0.002950518624857068,17,10959,,,
0.2891594171524048,0.00295289047062397,17,10960,,,
0.2885763645172119,0.0029552048072218895,17,10961,,,
0.3743441700935364,0.00295746186748147,17,10962,,,
0.2976481318473816,0.0029596611857414246,17,10963,,,
0.3237854242324829,0.0029618029948323965,17,10964,,,
0.25943976640701294,0.002963887294754386,17,10965,,,
0.3225887417793274,0.0029659136198461056,17,10966,,,
0.25908613204956055,0.0029678819701075554,17,10967,,,
0.2767868638038635,0.002969792578369379,17,10968,,,
0.28146398067474365,0.002971645211800933,17,10969,,,
0.28925418853759766,0.0029734396375715733,17,10970,,,
0.31936514377593994,0.002975176088511944,17,10971,,,
0.2568087577819824,0.002976854331791401,17,10972,,,
0.26838189363479614,0.002978474134579301,17,10973,,,
0.27971458435058594,0.0029800354968756437,17,10974,,,
0.3325207233428955,0.002981538651511073,17,10975,,,
0.28018152713775635,0.0029829833656549454,17,10976,,,
0.28628063201904297,0.002984369406476617,17,10977,,,
0.30891668796539307,0.0029856970068067312,17,10978,,,
0.2699786424636841,0.002986965700984001,17,10979,,,
0.31272315979003906,0.002988175954669714,17,10980,,,
0.30243414640426636,0.002989327535033226,17,10981,,,
0.2789182662963867,0.0029904202092438936,17,10982,,,
0.261047899723053,0.002991453977301717,17,10983,,,
0.2779862880706787,0.002992429072037339,17,10984,,,
0.3049156069755554,0.002993345260620117,17,10985,,,
0.2551060914993286,0.002994202310219407,17,10986,,,
0.3079439401626587,0.0029950004536658525,17,10987,,,
0.2804079055786133,0.0029957396909594536,17,10988,,,
0.2906002998352051,0.00299642002210021,17,10989,,,
0.26221662759780884,0.002997040981426835,17,10990,,,
0.27020782232284546,0.0029976030346006155,17,10991,,,
0.29326874017715454,0.0029981061816215515,17,10992,,,
0.2466813325881958,0.002998549956828356,17,10993,,,
0.24479496479034424,0.002998934593051672,17,10994,,,
0.27860891819000244,0.0029992600902915,17,10995,,,
0.28295278549194336,0.00299952644854784,17,10996,,,
0.2580066919326782,0.002999733667820692,17,10997,,,
0.3617035746574402,0.0029998815152794123,17,10998,,,
0.35122716426849365,0.002999970456585288,17,10999,,,
0.27102285623550415,0.003000000026077032,17,11000,,,
0.23451781272888184,0.002999970456585288,17,11001,,,
0.3076058626174927,0.0029998815152794123,17,11002,,,
0.24281978607177734,0.002999733667820692,17,11003,,,
0.2614545226097107,0.00299952644854784,17,11004,,,
0.2816253900527954,0.0029992600902915,17,11005,,,
0.26998716592788696,0.002998934593051672,17,11006,,,
0.32676178216934204,0.002998549956828356,17,11007,,,
0.3312605619430542,0.0029981061816215515,17,11008,,,
0.30789268016815186,0.0029976030346006155,17,11009,,,
0.26730549335479736,0.002997040981426835,17,11010,,,
0.2896084189414978,0.00299642002210021,17,11011,,,
0.3480663299560547,0.0029957396909594536,17,11012,,,
0.2962385416030884,0.0029950004536658525,17,11013,,,
0.3150020241737366,0.002994202310219407,17,11014,,,
0.29890674352645874,0.002993345260620117,17,11015,,,
0.31707215309143066,0.002992429072037339,17,11016,,,
0.2627079486846924,0.002991453977301717,17,11017,,,
0.2861928343772888,0.0029904202092438936,17,11018,,,
0.3106161952018738,0.002989327535033226,17,11019,,,
0.3367379903793335,0.002988175954669714,17,11020,,,
0.2933275103569031,0.002986965700984001,17,11021,,,
0.41466468572616577,0.0029856970068067312,17,11022,,,
0.24961429834365845,0.002984369406476617,17,11023,,,
0.2879067063331604,0.0029829833656549454,17,11024,,,
0.31438833475112915,0.002981538651511073,17,11025,,,
0.30619025230407715,0.0029800354968756437,17,11026,,,
0.3371011018753052,0.002978474134579301,17,11027,,,
0.27986598014831543,0.002976854331791401,17,11028,,,
0.33915841579437256,0.002975176088511944,17,11029,,,
0.31573277711868286,0.0029734396375715733,17,11030,,,
0.25999170541763306,0.002971645211800933,17,11031,,,
0.2920767664909363,0.002969792578369379,17,11032,,,
0.29779529571533203,0.0029678819701075554,17,11033,,,
0.2670401930809021,0.0029659136198461056,17,11034,,,
0.28251421451568604,0.002963887294754386,17,11035,,,
0.27502840757369995,0.0029618029948323965,17,11036,,,
0.26897114515304565,0.0029596611857414246,17,11037,,,
0.2977253794670105,0.00295746186748147,17,11038,,,
0.28412771224975586,0.0029552048072218895,17,11039,,,
0.3027659058570862,0.00295289047062397,17,11040,,,
0.25211483240127563,0.002950518624857068,17,11041,,,
0.284008264541626,0.002948089735582471,17,11042,,,
0.25892502069473267,0.002945603569969535,17,11043,,,
0.2729613780975342,0.0029430605936795473,17,11044,,,
0.2743111252784729,0.002940460341051221,17,11045,,,
0.2769671082496643,0.0029378035105764866,17,11046,,,
0.286155104637146,0.002935089636594057,17,11047,,,
0.27805978059768677,0.0029323194175958633,17,11048,,,
0.3370686173439026,0.0029294926207512617,17,11049,,,
0.2868328094482422,0.002926609246060252,17,11050,,,
0.2964514493942261,0.002923669759184122,17,11051,,,
0.3072631359100342,0.0029206739272922277,17,11052,,,
0.20360970497131348,0.002917621983215213,17,11053,,,
0.23356515169143677,0.0029145143926143646,17,11054,,,
0.29883331060409546,0.002911350689828396,17,11055,,,
0.33111852407455444,0.002908131340518594,17,11056,,,
0.2978672981262207,0.002904856577515602,17,11057,,,
0.3098928928375244,0.002901526167988777,17,11058,,,
0.2860010266304016,0.0028981405775994062,17,11059,,,
0.29132354259490967,0.0028946998063474894,17,11060,,,
0.2950487732887268,0.00289120408706367,17,11061,,,
